postcodes,district,county,country,district_county,population_numbers
3750,Aveiro,Águeda,Portugal,Aveiro_Águeda,46942
3754,Aveiro,Águeda,Portugal,Aveiro_Águeda,46942
3850,Aveiro,Albergaria-a-Velha,Portugal,Aveiro_Albergaria-a-Velha,25552
3780,Aveiro,Anadia,Portugal,Aveiro_Anadia,28041
4540,Aveiro,Arouca,Portugal,Aveiro_Arouca,20929
3810,Aveiro,Aveiro,Portugal,Aveiro_Aveiro,84919
3800,Aveiro,Aveiro,Portugal,Aveiro_Aveiro,84919
3804,Aveiro,Aveiro,Portugal,Aveiro_Aveiro,84919
3814,Aveiro,Aveiro,Portugal,Aveiro_Aveiro,84919
3813,Aveiro,Aveiro,Portugal,Aveiro_Aveiro,84919
4550,Aveiro,Castelo de Paiva,Portugal,Aveiro_Castelo de Paiva,15420
4500,Aveiro,Espinho,Portugal,Aveiro_Espinho,32139
4504,Aveiro,Espinho,Portugal,Aveiro_Espinho,32139
3860,Aveiro,Estarreja,Portugal,Aveiro_Estarreja,26877
3864,Aveiro,Estarreja,Portugal,Aveiro_Estarreja,26877
3870,Aveiro,Murtosa,Portugal,Aveiro_Murtosa,10880
3865,Aveiro,Estarreja,Portugal,Aveiro_Estarreja,26877
3830,Aveiro,Ílhavo,Portugal,Aveiro_Ílhavo,41534
3050,Aveiro,Mealhada,Portugal,Aveiro_Mealhada,19705
3054,Aveiro,Mealhada,Portugal,Aveiro_Mealhada,19705
3720,Aveiro,Oliveira de Azeméis,Portugal,Aveiro_Oliveira de Azeméis,67073
3700,Aveiro,Oliveira de Azeméis,Portugal,Aveiro_Oliveira de Azeméis,67073
3770,Aveiro,Oliveira do Bairro,Portugal,Aveiro_Oliveira do Bairro,24652
3774,Aveiro,Oliveira do Bairro,Portugal,Aveiro_Oliveira do Bairro,24652
3885,Aveiro,Ovar,Portugal,Aveiro_Ovar,56311
3880,Aveiro,Ovar,Portugal,Aveiro_Ovar,56311
3884,Aveiro,Ovar,Portugal,Aveiro_Ovar,56311
4505,Aveiro,Santa Maria da Feira,Portugal,Aveiro_Santa Maria da Feira,139195
3700,Aveiro,Santa Maria da Feira,Portugal,Aveiro_Santa Maria da Feira,139195
4525,Aveiro,Santa Maria da Feira,Portugal,Aveiro_Santa Maria da Feira,139195
4520,Aveiro,Santa Maria da Feira,Portugal,Aveiro_Santa Maria da Feira,139195
4535,Aveiro,Santa Maria da Feira,Portugal,Aveiro_Santa Maria da Feira,139195
4500,Aveiro,Santa Maria da Feira,Portugal,Aveiro_Santa Maria da Feira,139195
3700,Aveiro,São João da Madeira,Portugal,Aveiro_São João da Madeira,23606
3701,Aveiro,São João da Madeira,Portugal,Aveiro_São João da Madeira,23606
3740,Aveiro,Sever do Vouga,Portugal,Aveiro_Sever do Vouga,10930
3744,Aveiro,Sever do Vouga,Portugal,Aveiro_Sever do Vouga,10930
3840,Aveiro,Vagos,Portugal,Aveiro_Vagos,24090
3730,Aveiro,Vale de Cambra,Portugal,Aveiro_Vale de Cambra,21248
3734,Aveiro,Vale de Cambra,Portugal,Aveiro_Vale de Cambra,21248
7600,Beja,Aljustrel,Portugal,Beja_Aljustrel,8915
7604,Beja,Aljustrel,Portugal,Beja_Aljustrel,8915
7700,Beja,Almodôvar,Portugal,Beja_Almodôvar,6692
7920,Beja,Alvito,Portugal,Beja_Alvito,2271
7924,Beja,Alvito,Portugal,Beja_Alvito,2271
7230,Beja,Barrancos,Portugal,Beja_Barrancos,1444
7800,Beja,Beja,Portugal,Beja_Beja,33728
7801,Beja,Beja,Portugal,Beja_Beja,33728
7780,Beja,Castro Verde,Portugal,Beja_Castro Verde,6961
7940,Beja,Cuba,Portugal,Beja_Cuba,4460
7900,Beja,Ferreira do Alentejo,Portugal,Beja_Ferreira do Alentejo,7888
7750,Beja,Mértola,Portugal,Beja_Mértola,6158
7754,Beja,Mértola,Portugal,Beja_Mértola,6158
7885,Beja,Moura,Portugal,Beja_Moura,13324
7875,Beja,Moura,Portugal,Beja_Moura,13324
7860,Beja,Moura,Portugal,Beja_Moura,13324
7864,Beja,Moura,Portugal,Beja_Moura,13324
7630,Beja,Odemira,Portugal,Beja_Odemira,32529
7665,Beja,Odemira,Portugal,Beja_Odemira,32529
7645,Beja,Odemira,Portugal,Beja_Odemira,32529
7670,Beja,Ourique,Portugal,Beja_Ourique,4824
7830,Beja,Serpa,Portugal,Beja_Serpa,13738
7960,Beja,Vidigueira,Portugal,Beja_Vidigueira,5235
4720,Braga,Amares,Portugal,Braga_Amares,19398
4750,Braga,Barcelos,Portugal,Braga_Barcelos,116845
4755,Braga,Barcelos,Portugal,Braga_Barcelos,116845
4905,Braga,Barcelos,Portugal,Braga_Barcelos,116845
4754,Braga,Barcelos,Portugal,Braga_Barcelos,116845
4740,Braga,Barcelos,Portugal,Braga_Barcelos,116845
4775,Braga,Barcelos,Portugal,Braga_Barcelos,116845
4710,Braga,Braga,Portugal,Braga_Braga,199919
4705,Braga,Braga,Portugal,Braga_Braga,199919
4709,Braga,Braga,Portugal,Braga_Braga,199919
4700,Braga,Braga,Portugal,Braga_Braga,199919
4704,Braga,Braga,Portugal,Braga_Braga,199919
4714,Braga,Braga,Portugal,Braga_Braga,199919
4715,Braga,Braga,Portugal,Braga_Braga,199919
4719,Braga,Braga,Portugal,Braga_Braga,199919
4860,Braga,Cabeceiras de Basto,Portugal,Braga_Cabeceiras de Basto,15535
4615,Braga,Celorico de Basto,Portugal,Braga_Celorico de Basto,17615
4890,Braga,Celorico de Basto,Portugal,Braga_Celorico de Basto,17615
4820,Braga,Celorico de Basto,Portugal,Braga_Celorico de Basto,17615
4740,Braga,Esposende,Portugal,Braga_Esposende,36796
4820,Braga,Fafe,Portugal,Braga_Fafe,48432
4824,Braga,Fafe,Portugal,Braga_Fafe,48432
4810,Braga,Guimarães,Portugal,Braga_Guimarães,156642
4805,Braga,Guimarães,Portugal,Braga_Guimarães,156642
4765,Braga,Guimarães,Portugal,Braga_Guimarães,156642
4800,Braga,Guimarães,Portugal,Braga_Guimarães,156642
4804,Braga,Guimarães,Portugal,Braga_Guimarães,156642
4809,Braga,Guimarães,Portugal,Braga_Guimarães,156642
4815,Braga,Guimarães,Portugal,Braga_Guimarães,156642
4835,Braga,Guimarães,Portugal,Braga_Guimarães,156642
4815,Braga,Vizela,Portugal,Braga_Vizela,24413
4839,Braga,Guimarães,Portugal,Braga_Guimarães,156642
4814,Braga,Guimarães,Portugal,Braga_Guimarães,156642
4830,Braga,Póvoa de Lanhoso,Portugal,Braga_Póvoa de Lanhoso,22459
4840,Braga,Terras de Bouro,Portugal,Braga_Terras de Bouro,6377
4845,Braga,Terras de Bouro,Portugal,Braga_Terras de Bouro,6377
4850,Braga,Vieira do Minho,Portugal,Braga_Vieira do Minho,12023
4770,Braga,Vila Nova de Famalicão,Portugal,Braga_Vila Nova de Famalicão,135531
4760,Braga,Vila Nova de Famalicão,Portugal,Braga_Vila Nova de Famalicão,135531
4775,Braga,Vila Nova de Famalicão,Portugal,Braga_Vila Nova de Famalicão,135531
4765,Braga,Vila Nova de Famalicão,Portugal,Braga_Vila Nova de Famalicão,135531
4764,Braga,Vila Nova de Famalicão,Portugal,Braga_Vila Nova de Famalicão,135531
4763,Braga,Vila Nova de Famalicão,Portugal,Braga_Vila Nova de Famalicão,135531
4730,Braga,Vila Verde,Portugal,Braga_Vila Verde,47836
4620,Braga,Vizela,Portugal,Braga_Vizela,24413
5350,Bragança,Alfândega da Fé,Portugal,Bragança_Alfândega da Fé,4234
5300,Bragança,Bragança,Portugal,Bragança_Bragança,35231
5301,Bragança,Bragança,Portugal,Bragança_Bragança,35231
5140,Bragança,Carrazeda de Ansiães,Portugal,Bragança_Carrazeda de Ansiães,5393
5180,Bragança,Freixo de Espada à Cinta,Portugal,Bragança_Freixo de Espada à Cinta,3155
5340,Bragança,Macedo de Cavaleiros,Portugal,Bragança_Macedo de Cavaleiros,14198
5225,Bragança,Miranda do Douro,Portugal,Bragança_Miranda do Douro,6326
5210,Bragança,Miranda do Douro,Portugal,Bragança_Miranda do Douro,6326
5370,Bragança,Mirandela,Portugal,Bragança_Mirandela,21356
5385,Bragança,Mirandela,Portugal,Bragança_Mirandela,21356
5374,Bragança,Mirandela,Portugal,Bragança_Mirandela,21356
5200,Bragança,Mogadouro,Portugal,Bragança_Mogadouro,8249
5350,Bragança,Mogadouro,Portugal,Bragança_Mogadouro,8249
5204,Bragança,Mogadouro,Portugal,Bragança_Mogadouro,8249
5160,Bragança,Torre de Moncorvo,Portugal,Bragança_Torre de Moncorvo,6740
5164,Bragança,Torre de Moncorvo,Portugal,Bragança_Torre de Moncorvo,6740
5360,Bragança,Vila Flor,Portugal,Bragança_Vila Flor,6034
5230,Bragança,Vimioso,Portugal,Bragança_Vimioso,4162
5335,Bragança,Vinhais,Portugal,Bragança_Vinhais,7482
5320,Bragança,Vinhais,Portugal,Bragança_Vinhais,7482
6250,Castelo Branco,Belmonte,Portugal,Castelo Branco_Belmonte,6197
6005,Castelo Branco,Castelo Branco,Portugal,Castelo Branco_Castelo Branco,52707
6000,Castelo Branco,Castelo Branco,Portugal,Castelo Branco_Castelo Branco,52707
6004,Castelo Branco,Castelo Branco,Portugal,Castelo Branco_Castelo Branco,52707
6225,Castelo Branco,Covilhã,Portugal,Castelo Branco_Covilhã,46228
6200,Castelo Branco,Covilhã,Portugal,Castelo Branco_Covilhã,46228
6215,Castelo Branco,Covilhã,Portugal,Castelo Branco_Covilhã,46228
6201,Castelo Branco,Covilhã,Portugal,Castelo Branco_Covilhã,46228
6230,Castelo Branco,Covilhã,Portugal,Castelo Branco_Covilhã,46228
6230,Castelo Branco,Fundão,Portugal,Castelo Branco_Fundão,26806
6185,Castelo Branco,Fundão,Portugal,Castelo Branco_Fundão,26806
6005,Castelo Branco,Fundão,Portugal,Castelo Branco_Fundão,26806
6060,Castelo Branco,Idanha-a-Nova,Portugal,Castelo Branco_Idanha-a-Nova,8449
6160,Castelo Branco,Oleiros,Portugal,Castelo Branco_Oleiros,4882
6185,Castelo Branco,Oleiros,Portugal,Castelo Branco_Oleiros,4882
6090,Castelo Branco,Penamacor,Portugal,Castelo Branco_Penamacor,4773
6320,Castelo Branco,Penamacor,Portugal,Castelo Branco_Penamacor,4773
6150,Castelo Branco,Proença-a-Nova,Portugal,Castelo Branco_Proença-a-Nova,7097
6100,Castelo Branco,Sertã,Portugal,Castelo Branco_Sertã,14883
6110,Castelo Branco,Vila de Rei,Portugal,Castelo Branco_Vila de Rei,3423
6030,Castelo Branco,Vila Velha de Ródão,Portugal,Castelo Branco_Vila Velha de Ródão,3491
3305,Coimbra,Arganil,Portugal,Coimbra_Arganil,11227
3300,Coimbra,Arganil,Portugal,Coimbra_Arganil,11227
3060,Coimbra,Cantanhede,Portugal,Coimbra_Cantanhede,34681
3064,Coimbra,Cantanhede,Portugal,Coimbra_Cantanhede,34681
3040,Coimbra,Coimbra,Portugal,Coimbra_Coimbra,143818
3045,Coimbra,Coimbra,Portugal,Coimbra_Coimbra,143818
3025,Coimbra,Coimbra,Portugal,Coimbra_Coimbra,143818
3020,Coimbra,Coimbra,Portugal,Coimbra_Coimbra,143818
3030,Coimbra,Coimbra,Portugal,Coimbra_Coimbra,143818
3044,Coimbra,Coimbra,Portugal,Coimbra_Coimbra,143818
3004,Coimbra,Coimbra,Portugal,Coimbra_Coimbra,143818
3000,Coimbra,Coimbra,Portugal,Coimbra_Coimbra,143818
3034,Coimbra,Coimbra,Portugal,Coimbra_Coimbra,143818
3049,Coimbra,Coimbra,Portugal,Coimbra_Coimbra,143818
3020,Aveiro,Mealhada,Portugal,Aveiro_Mealhada,19705
3048,Coimbra,Coimbra,Portugal,Coimbra_Coimbra,143818
3150,Coimbra,Condeixa-a-Nova,Portugal,Coimbra_Condeixa-a-Nova,17380
3154,Coimbra,Condeixa-a-Nova,Portugal,Coimbra_Condeixa-a-Nova,17380
3090,Coimbra,Figueira da Foz,Portugal,Coimbra_Figueira da Foz,60245
3080,Coimbra,Figueira da Foz,Portugal,Coimbra_Figueira da Foz,60245
3094,Coimbra,Figueira da Foz,Portugal,Coimbra_Figueira da Foz,60245
3084,Coimbra,Figueira da Foz,Portugal,Coimbra_Figueira da Foz,60245
3330,Coimbra,Góis,Portugal,Coimbra_Góis,3787
3334,Coimbra,Góis,Portugal,Coimbra_Góis,3787
3200,Coimbra,Lousã,Portugal,Coimbra_Lousã,17318
3070,Coimbra,Mira,Portugal,Coimbra_Mira,12407
3074,Coimbra,Mira,Portugal,Coimbra_Mira,12407
3220,Coimbra,Miranda do Corvo,Portugal,Coimbra_Miranda do Corvo,12074
3140,Coimbra,Montemor-o-Velho,Portugal,Coimbra_Montemor-o-Velho,24805
3144,Coimbra,Montemor-o-Velho,Portugal,Coimbra_Montemor-o-Velho,24805
3400,Coimbra,Oliveira do Hospital,Portugal,Coimbra_Oliveira do Hospital,19388
3405,Coimbra,Oliveira do Hospital,Portugal,Coimbra_Oliveira do Hospital,19388
3404,Coimbra,Oliveira do Hospital,Portugal,Coimbra_Oliveira do Hospital,19388
3320,Coimbra,Pampilhosa da Serra,Portugal,Coimbra_Pampilhosa da Serra,4106
3360,Coimbra,Penacova,Portugal,Coimbra_Penacova,12904
3230,Coimbra,Penela,Portugal,Coimbra_Penela,5573
3234,Coimbra,Penela,Portugal,Coimbra_Penela,5573
3130,Coimbra,Soure,Portugal,Coimbra_Soure,17193
3420,Coimbra,Tábua,Portugal,Coimbra_Tábua,11506
3350,Coimbra,Vila Nova de Poiares,Portugal,Coimbra_Vila Nova de Poiares,7098
7250,Évora,Alandroal,Portugal,Évora_Alandroal,5003
7154,Évora,Borba,Portugal,Évora_Borba,6401
7200,Évora,Alandroal,Portugal,Évora_Alandroal,5003
7040,Évora,Arraiolos,Portugal,Évora_Arraiolos,6761
7150,Évora,Borba,Portugal,Évora_Borba,6401
7100,Évora,Estremoz,Portugal,Évora_Estremoz,12589
7005,Évora,Évora,Portugal,Évora_Évora,53862
7000,Évora,Évora,Portugal,Évora_Évora,53862
7004,Évora,Évora,Portugal,Évora_Évora,53862
7009,Évora,Évora,Portugal,Évora_Évora,53862
7200,Évora,Évora,Portugal,Évora_Évora,53862
7050,Évora,Montemor-o-Novo,Portugal,Évora_Montemor-o-Novo,15924
7490,Évora,Mora,Portugal,Évora_Mora,4166
7240,Évora,Mourão,Portugal,Évora_Mourão,2410
7244,Évora,Mourão,Portugal,Évora_Mourão,2410
7220,Évora,Portel,Portugal,Évora_Portel,5737
7200,Évora,Redondo,Portugal,Évora_Redondo,6286
7170,Évora,Redondo,Portugal,Évora_Redondo,6286
7200,Évora,Reguengos de Monsaraz,Portugal,Évora_Reguengos de Monsaraz,9855
2965,Évora,Vendas Novas,Portugal,Évora_Vendas Novas,11494
7080,Évora,Vendas Novas,Portugal,Évora_Vendas Novas,11494
7090,Évora,Viana do Alentejo,Portugal,Évora_Viana do Alentejo,5519
7160,Évora,Vila Viçosa,Portugal,Évora_Vila Viçosa,7311
8200,Faro,Albufeira,Portugal,Faro_Albufeira,47019
8201,Faro,Albufeira,Portugal,Faro_Albufeira,47019
8203,Faro,Albufeira,Portugal,Faro_Albufeira,47019
8970,Faro,Alcoutim,Portugal,Faro_Alcoutim,2436
8670,Faro,Aljezur,Portugal,Faro_Aljezur,6310
8950,Faro,Castro Marim,Portugal,Faro_Castro Marim,6765
8954,Faro,Castro Marim,Portugal,Faro_Castro Marim,6765
8009,Faro,Faro,Portugal,Faro_Faro,69196
8005,Faro,Faro,Portugal,Faro_Faro,69196
8000,Faro,Faro,Portugal,Faro_Faro,69196
8004,Faro,Faro,Portugal,Faro_Faro,69196
8400,Faro,Lagoa,Portugal,Faro_Lagoa ,24712
8401,Faro,Lagoa,Portugal,Faro_Lagoa ,24712
8600,Faro,Lagos,Portugal,Faro_Lagos,34349
8601,Faro,Lagos,Portugal,Faro_Lagos,34349
8604,Faro,Lagos,Portugal,Faro_Lagos,34349
8135,Faro,Loulé,Portugal,Faro_Loulé,74000
8100,Faro,Loulé,Portugal,Faro_Loulé,74000
8136,Faro,Loulé,Portugal,Faro_Loulé,74000
8104,Faro,Loulé,Portugal,Faro_Loulé,74000
8125,Faro,Loulé,Portugal,Faro_Loulé,74000
8550,Faro,Monchique,Portugal,Faro_Monchique,5343
8700,Faro,Olhão,Portugal,Faro_Olhão,44931
8500,Faro,Portimão,Portugal,Faro_Portimão,62627
8501,Faro,Portimão,Portugal,Faro_Portimão,62627
8150,Faro,São Brás de Alportel,Portugal,Faro_São Brás de Alportel,11551
8365,Faro,Silves,Portugal,Faro_Silves,39226
8375,Faro,Silves,Portugal,Faro_Silves,39226
8300,Faro,Silves,Portugal,Faro_Silves,39226
8800,Faro,Tavira,Portugal,Faro_Tavira,27767
8801,Faro,Tavira,Portugal,Faro_Tavira,27767
8804,Faro,Tavira,Portugal,Faro_Tavira,27767
8650,Faro,Vila do Bispo,Portugal,Faro_Vila do Bispo,5906
8900,Faro,Vila Real de Santo António,Portugal,Faro_Vila Real de Santo António,19235
3570,Guarda,Aguiar da Beira,Portugal,Guarda_Aguiar da Beira,5293
6355,Guarda,Almeida,Portugal,Guarda_Almeida,5687
6350,Guarda,Almeida,Portugal,Guarda_Almeida,5687
6360,Guarda,Celorico da Beira,Portugal,Guarda_Celorico da Beira,6572
6440,Guarda,Figueira de Castelo Rodrigo,Portugal,Guarda_Figueira de Castelo Rodrigo,5055
6370,Guarda,Fornos de Algodres,Portugal,Guarda_Fornos de Algodres,4378
6290,Guarda,Gouveia,Portugal,Guarda_Gouveia,12169
6294,Guarda,Gouveia,Portugal,Guarda_Gouveia,12169
6300,Guarda,Guarda,Portugal,Guarda_Guarda,39952
6301,Guarda,Guarda,Portugal,Guarda_Guarda,39952
6260,Guarda,Manteigas,Portugal,Guarda_Manteigas,2935
6264,Guarda,Manteigas,Portugal,Guarda_Manteigas,2935
6430,Guarda,Mêda,Portugal,Guarda_Meda,4574
6400,Guarda,Pinhel,Portugal,Guarda_Pinhel,7873
6320,Guarda,Sabugal,Portugal,Guarda_Sabugal,11240
6250,Guarda,Sabugal,Portugal,Guarda_Sabugal,11240
6324,Guarda,Sabugal,Portugal,Guarda_Sabugal,11240
6270,Guarda,Seia,Portugal,Guarda_Seia,21441
6274,Guarda,Seia,Portugal,Guarda_Seia,21441
6285,Guarda,Seia,Portugal,Guarda_Seia,21441
6420,Guarda,Trancoso,Portugal,Guarda_Trancoso,8301
3640,Guarda,Trancoso,Portugal,Guarda_Trancoso,8301
6424,Guarda,Trancoso,Portugal,Guarda_Trancoso,8301
5150,Guarda,Vila Nova de Foz Côa,Portugal,Guarda_Vila Nova de Foz Côa,6344
5155,Guarda,Vila Nova de Foz Côa,Portugal,Guarda_Vila Nova de Foz Côa,6344
9980,Ilha do Corvo,Corvo,Portugal,Ilha do Corvo_Corvo,435
9900,Ilha do Faial,Horta,Portugal,Ilha do Faial_Horta,14451
9901,Ilha do Faial,Horta,Portugal,Ilha do Faial_Horta,14451
9904,Ilha do Faial,Horta,Portugal,Ilha do Faial_Horta,14451
9960,Ilha das Flores,Lajes das Flores,Portugal,Ilha das Flores_Lajes das Flores,1443
9970,Ilha das Flores,Santa Cruz das Flores,Portugal,Ilha das Flores_Santa Cruz das Flores,2084
9880,Ilha da Graciosa,Santa Cruz da Graciosa,Portugal,Ilha da Graciosa_Santa Cruz da Graciosa,4106
9370,Ilha da Madeira,Calheta_Madeira,Portugal,Ilha da Madeira_Calheta ,11069
9374,Ilha da Madeira,Calheta_Madeira,Portugal,Ilha da Madeira_Calheta ,11069
9385,Ilha da Madeira,Calheta_Madeira,Portugal,Ilha da Madeira_Calheta ,11069
9300,Ilha da Madeira,Câmara de Lobos,Portugal,Ilha da Madeira_Câmara de Lobos,32604
9304,Ilha da Madeira,Câmara de Lobos,Portugal,Ilha da Madeira_Câmara de Lobos,32604
9030,Ilha da Madeira,Câmara de Lobos,Portugal,Ilha da Madeira_Câmara de Lobos,32604
9325,Ilha da Madeira,Câmara de Lobos,Portugal,Ilha da Madeira_Câmara de Lobos,32604
9050,Ilha da Madeira,Funchal,Portugal,Ilha da Madeira_Funchal,107282
9054,Ilha da Madeira,Funchal,Portugal,Ilha da Madeira_Funchal,107282
9060,Ilha da Madeira,Funchal,Portugal,Ilha da Madeira_Funchal,107282
9004,Ilha da Madeira,Funchal,Portugal,Ilha da Madeira_Funchal,107282
9000,Ilha da Madeira,Funchal,Portugal,Ilha da Madeira_Funchal,107282
9064,Ilha da Madeira,Funchal,Portugal,Ilha da Madeira_Funchal,107282
9020,Ilha da Madeira,Funchal,Portugal,Ilha da Madeira_Funchal,107282
9024,Ilha da Madeira,Funchal,Portugal,Ilha da Madeira_Funchal,107282
9200,Ilha da Madeira,Machico,Portugal,Ilha da Madeira_Machico,19573
9225,Ilha da Madeira,Machico,Portugal,Ilha da Madeira_Machico,19573
9360,Ilha da Madeira,Ponta do Sol,Portugal,Ilha da Madeira_Ponta do Sol,8624
9270,Ilha da Madeira,Porto Moniz,Portugal,Ilha da Madeira_Porto Moniz,2514
9350,Ilha da Madeira,Ribeira Brava,Portugal,Ilha da Madeira_Ribeira Brava,12972
9135,Ilha da Madeira,Santa Cruz,Portugal,Ilha da Madeira_Santa Cruz,43857
9125,Ilha da Madeira,Santa Cruz,Portugal,Ilha da Madeira_Santa Cruz,43857
9100,Ilha da Madeira,Santa Cruz,Portugal,Ilha da Madeira_Santa Cruz,43857
9230,Ilha da Madeira,Santana,Portugal,Ilha da Madeira_Santana,6473
9240,Ilha da Madeira,São Vicente,Portugal,Ilha da Madeira_São Vicente,4920
9930,Ilha do Pico,Lajes do Pico,Portugal,Ilha do Pico_Lajes do Pico,4394
9934,Ilha do Pico,Lajes do Pico,Portugal,Ilha do Pico_Lajes do Pico,4394
9950,Ilha do Pico,Madalena,Portugal,Ilha do Pico_Madalena,6509
9940,Ilha do Pico,São Roque do Pico,Portugal,Ilha do Pico_São Roque do Pico,3385
9944,Ilha do Pico,São Roque do Pico,Portugal,Ilha do Pico_São Roque do Pico,3385
9400,Ilha de Porto Santo,Porto Santo,Portugal,Ilha de Porto Santo_Porto Santo,5461
9580,Ilha de Santa Maria,Vila do Porto,Portugal,Ilha de Santa Maria_Vila do Porto,5506
9850,Ilha de São Jorge,Calheta_Azores,Portugal,Ilha de São Jorge_Calheta ,3504
9875,Ilha de São Jorge,Calheta_Azores,Portugal,Ilha de São Jorge_Calheta ,3504
9800,Ilha de São Jorge,Velas,Portugal,Ilha de São Jorge_Velas,4952
9804,Ilha de São Jorge,Velas,Portugal,Ilha de São Jorge_Velas,4952
9560,Ilha de São Miguel,Lagoa_Azores,Portugal,Ilha de São Miguel_Lagoa ,14823
9630,Ilha de São Miguel,Nordeste,Portugal,Ilha de São Miguel_Nordeste,4437
9545,Ilha de São Miguel,Ponta Delgada,Portugal,Ilha de São Miguel_Ponta Delgada,68569
9500,Ilha de São Miguel,Ponta Delgada,Portugal,Ilha de São Miguel_Ponta Delgada,68569
9504,Ilha de São Miguel,Ponta Delgada,Portugal,Ilha de São Miguel_Ponta Delgada,68569
9555,Ilha de São Miguel,Ponta Delgada,Portugal,Ilha de São Miguel_Ponta Delgada,68569
9650,Ilha de São Miguel,Povoação,Portugal,Ilha de São Miguel_Povoação,5875
9675,Ilha de São Miguel,Povoação,Portugal,Ilha de São Miguel_Povoação,5875
9600,Ilha de São Miguel,Ribeira Grande,Portugal,Ilha de São Miguel_Ribeira Grande,32161
9625,Ilha de São Miguel,Ribeira Grande,Portugal,Ilha de São Miguel_Ribeira Grande,32161
9680,Ilha de São Miguel,Vila Franca do Campo,Portugal,Ilha de São Miguel_Vila Franca do Campo,10393
9684,Ilha de São Miguel,Vila Franca do Campo,Portugal,Ilha de São Miguel_Vila Franca do Campo,10393
9700,Ilha Terceira,Angra do Heroísmo,Portugal,Ilha Terceira_Angra do Heroísmo,33849
9701,Ilha Terceira,Angra do Heroísmo,Portugal,Ilha Terceira_Angra do Heroísmo,33849
9760,Ilha Terceira,Vila da Praia da Vitória,Portugal,Ilha Terceira_Praia da Vitória,19704
2460,Leiria,Alcobaça,Portugal,Leiria_Alcobaça,56849
2461,Leiria,Alcobaça,Portugal,Leiria_Alcobaça,56849
2475,Leiria,Alcobaça,Portugal,Leiria_Alcobaça,56849
2445,Leiria,Alcobaça,Portugal,Leiria_Alcobaça,56849
3250,Leiria,Alvaiázere,Portugal,Leiria_Alvaiázere,6323
3254,Leiria,Alvaiázere,Portugal,Leiria_Alvaiázere,6323
3260,Leiria,Alvaiázere,Portugal,Leiria_Alvaiázere,6323
3240,Leiria,Ansião,Portugal,Leiria_Ansião,11785
2440,Leiria,Batalha,Portugal,Leiria_Batalha,16349
2495,Leiria,Batalha,Portugal,Leiria_Batalha,16349
2540,Leiria,Bombarral,Portugal,Leiria_Bombarral,13770
2500,Leiria,Caldas da Rainha,Portugal,Leiria_Caldas da Rainha,53442
2504,Leiria,Caldas da Rainha,Portugal,Leiria_Caldas da Rainha,53442
3280,Leiria,Castanheira de Pêra,Portugal,Leiria_Castanheira de Pêra,2696
3260,Leiria,Figueiró dos Vinhos,Portugal,Leiria_Figueiró dos Vinhos,5242
2400,Leiria,Leiria,Portugal,Leiria_Leiria,132614
2404,Leiria,Leiria,Portugal,Leiria_Leiria,132614
2420,Leiria,Leiria,Portugal,Leiria_Leiria,132614
2424,Leiria,Leiria,Portugal,Leiria_Leiria,132614
2425,Leiria,Leiria,Portugal,Leiria_Leiria,132614
2410,Leiria,Leiria,Portugal,Leiria_Leiria,132614
2415,Leiria,Leiria,Portugal,Leiria_Leiria,132614
2419,Leiria,Leiria,Portugal,Leiria_Leiria,132614
2423,Leiria,Leiria,Portugal,Leiria_Leiria,132614
2495,Leiria,Leiria,Portugal,Leiria_Leiria,132614
2414,Leiria,Leiria,Portugal,Leiria_Leiria,132614
2405,Leiria,Leiria,Portugal,Leiria_Leiria,132614
2499,Leiria,Leiria,Portugal,Leiria_Leiria,132614
2430,Leiria,Marinha Grande,Portugal,Leiria_Marinha Grande,40576
2434,Leiria,Marinha Grande,Portugal,Leiria_Marinha Grande,40576
2445,Leiria,Marinha Grande,Portugal,Leiria_Marinha Grande,40576
2450,Leiria,Nazaré,Portugal,Leiria_Nazaré,15525
2510,Leiria,Óbidos,Portugal,Leiria_Óbidos,13061
3270,Leiria,Pedrógão Grande,Portugal,Leiria_Pedrógão Grande,3576
2525,Leiria,Peniche,Portugal,Leiria_Peniche,27350
2520,Leiria,Peniche,Portugal,Leiria_Peniche,27350
3100,Leiria,Pombal,Portugal,Leiria_Pombal,51690
3105,Leiria,Pombal,Portugal,Leiria_Pombal,51690
3104,Leiria,Pombal,Portugal,Leiria_Pombal,51690
2480,Leiria,Porto de Mós,Portugal,Leiria_Porto de Mós,23832
2485,Leiria,Porto de Mós,Portugal,Leiria_Porto de Mós,23832
2484,Leiria,Porto de Mós,Portugal,Leiria_Porto de Mós,23832
2580,Lisboa,Alenquer,Portugal,Lisboa_Alenquer,47619
2581,Lisboa,Alenquer,Portugal,Lisboa_Alenquer,47619
2584,Lisboa,Alenquer,Portugal,Lisboa_Alenquer,47619
2650,Lisboa,Amadora,Portugal,Lisboa_Amadora,176680
2614,Lisboa,Amadora,Portugal,Lisboa_Amadora,176680
2610,Lisboa,Amadora,Portugal,Lisboa_Amadora,176680
2700,Lisboa,Amadora,Portugal,Lisboa_Amadora,176680
2720,Lisboa,Amadora,Portugal,Lisboa_Amadora,176680
2704,Lisboa,Amadora,Portugal,Lisboa_Amadora,176680
2724,Lisboa,Amadora,Portugal,Lisboa_Amadora,176680
2654,Lisboa,Amadora,Portugal,Lisboa_Amadora,176680
2630,Lisboa,Arruda dos Vinhos,Portugal,Lisboa_Arruda dos Vinhos,15116
2634,Lisboa,Arruda dos Vinhos,Portugal,Lisboa_Arruda dos Vinhos,15116
2065,Lisboa,Azambuja,Portugal,Lisboa_Azambuja,22648
2050,Lisboa,Azambuja,Portugal,Lisboa_Azambuja,22648
2054,Lisboa,Azambuja,Portugal,Lisboa_Azambuja,22648
2550,Lisboa,Cadaval,Portugal,Lisboa_Cadaval,14252
2755,Lisboa,Cascais,Portugal,Lisboa_Cascais,218431
2645,Lisboa,Cascais,Portugal,Lisboa_Cascais,218431
2649,Lisboa,Cascais,Portugal,Lisboa_Cascais,218431
2756,Lisboa,Cascais,Portugal,Lisboa_Cascais,218431
2775,Lisboa,Cascais,Portugal,Lisboa_Cascais,218431
2750,Lisboa,Cascais,Portugal,Lisboa_Cascais,218431
2765,Lisboa,Cascais,Portugal,Lisboa_Cascais,218431
2769,Lisboa,Cascais,Portugal,Lisboa_Cascais,218431
2785,Lisboa,Cascais,Portugal,Lisboa_Cascais,218431
2779,Lisboa,Cascais,Portugal,Lisboa_Cascais,218431
2754,Lisboa,Cascais,Portugal,Lisboa_Cascais,218431
2789,Lisboa,Cascais,Portugal,Lisboa_Cascais,218431
1300,Lisboa,Lisboa,Portugal,Lisboa_Lisboa,562325
1400,Lisboa,Lisboa,Portugal,Lisboa_Lisboa,562325
1349,Lisboa,Lisboa,Portugal,Lisboa_Lisboa,562325
1070,Lisboa,Lisboa,Portugal,Lisboa_Lisboa,562325
1350,Lisboa,Lisboa,Portugal,Lisboa_Lisboa,562325
1449,Lisboa,Lisboa,Portugal,Lisboa_Lisboa,562325
1900,Lisboa,Lisboa,Portugal,Lisboa_Lisboa,562325
1949,Lisboa,Lisboa,Portugal,Lisboa_Lisboa,562325
1000,Lisboa,Lisboa,Portugal,Lisboa_Lisboa,562325
1049,Lisboa,Lisboa,Portugal,Lisboa_Lisboa,562325
1700,Lisboa,Lisboa,Portugal,Lisboa_Lisboa,562325
1749,Lisboa,Lisboa,Portugal,Lisboa_Lisboa,562325
1150,Lisboa,Lisboa,Portugal,Lisboa_Lisboa,562325
1169,Lisboa,Lisboa,Portugal,Lisboa_Lisboa,562325
1600,Lisboa,Lisboa,Portugal,Lisboa_Lisboa,562325
1050,Lisboa,Lisboa,Portugal,Lisboa_Lisboa,562325
1069,Lisboa,Lisboa,Portugal,Lisboa_Lisboa,562325
1649,Lisboa,Lisboa,Portugal,Lisboa_Lisboa,562325
1750,Lisboa,Lisboa,Portugal,Lisboa_Lisboa,562325
1769,Lisboa,Lisboa,Portugal,Lisboa_Lisboa,562325
1500,Lisboa,Lisboa,Portugal,Lisboa_Lisboa,562325
1170,Lisboa,Lisboa,Portugal,Lisboa_Lisboa,562325
1199,Lisboa,Lisboa,Portugal,Lisboa_Lisboa,562325
1100,Lisboa,Lisboa,Portugal,Lisboa_Lisboa,562325
1149,Lisboa,Lisboa,Portugal,Lisboa_Lisboa,562325
1950,Lisboa,Lisboa,Portugal,Lisboa_Lisboa,562325
1549,Lisboa,Lisboa,Portugal,Lisboa_Lisboa,562325
1800,Lisboa,Lisboa,Portugal,Lisboa_Lisboa,562325
1099,Lisboa,Lisboa,Portugal,Lisboa_Lisboa,562325
1098,Lisboa,Lisboa,Portugal,Lisboa_Lisboa,562325
1250,Lisboa,Lisboa,Portugal,Lisboa_Lisboa,562325
1269,Lisboa,Lisboa,Portugal,Lisboa_Lisboa,562325
1200,Lisboa,Lisboa,Portugal,Lisboa_Lisboa,562325
1249,Lisboa,Lisboa,Portugal,Lisboa_Lisboa,562325
1399,Lisboa,Lisboa,Portugal,Lisboa_Lisboa,562325
1849,Lisboa,Lisboa,Portugal,Lisboa_Lisboa,562325
1959,Lisboa,Lisboa,Portugal,Lisboa_Lisboa,562325
1067,Lisboa,Lisboa,Portugal,Lisboa_Lisboa,562325
1990,Lisboa,Lisboa,Portugal,Lisboa_Lisboa,562325
1998,Lisboa,Lisboa,Portugal,Lisboa_Lisboa,562325
1999,Lisboa,Lisboa,Portugal,Lisboa_Lisboa,562325
1748,Lisboa,Lisboa,Portugal,Lisboa_Lisboa,562325
1068,Lisboa,Lisboa,Portugal,Lisboa_Lisboa,562325
2680,Lisboa,Loures,Portugal,Lisboa_Loures,205742
2695,Lisboa,Loures,Portugal,Lisboa_Loures,205742
2699,Lisboa,Loures,Portugal,Lisboa_Loures,205742
2670,Lisboa,Loures,Portugal,Lisboa_Loures,205742
2674,Lisboa,Loures,Portugal,Lisboa_Loures,205742
2681,Lisboa,Loures,Portugal,Lisboa_Loures,205742
2660,Lisboa,Loures,Portugal,Lisboa_Loures,205742
1885,Lisboa,Loures,Portugal,Lisboa_Loures,205742
1886,Lisboa,Loures,Portugal,Lisboa_Loures,205742
2685,Lisboa,Loures,Portugal,Lisboa_Loures,205742
2689,Lisboa,Loures,Portugal,Lisboa_Loures,205742
2688,Lisboa,Loures,Portugal,Lisboa_Loures,205742
2690,Lisboa,Loures,Portugal,Lisboa_Loures,205742
2694,Lisboa,Loures,Portugal,Lisboa_Loures,205742
2691,Lisboa,Loures,Portugal,Lisboa_Loures,205742
2664,Lisboa,Loures,Portugal,Lisboa_Loures,205742
2530,Lisboa,Lourinhã,Portugal,Lisboa_Lourinhã,28025
2665,Lisboa,Mafra,Portugal,Lisboa_Mafra,89739
2655,Lisboa,Mafra,Portugal,Lisboa_Mafra,89739
2640,Lisboa,Mafra,Portugal,Lisboa_Mafra,89739
2644,Lisboa,Mafra,Portugal,Lisboa_Mafra,89739
2659,Lisboa,Mafra,Portugal,Lisboa_Mafra,89739
2669,Lisboa,Mafra,Portugal,Lisboa_Mafra,89739
1685,Lisboa,Odivelas,Portugal,Lisboa_Odivelas,152425
2620,Lisboa,Odivelas,Portugal,Lisboa_Odivelas,152425
1689,Lisboa,Odivelas,Portugal,Lisboa_Odivelas,152425
2675,Lisboa,Odivelas,Portugal,Lisboa_Odivelas,152425
1675,Lisboa,Odivelas,Portugal,Lisboa_Odivelas,152425
1679,Lisboa,Odivelas,Portugal,Lisboa_Odivelas,152425
2621,Lisboa,Odivelas,Portugal,Lisboa_Odivelas,152425
1495,Lisboa,Oeiras,Portugal,Lisboa_Oeiras,174764
1499,Lisboa,Oeiras,Portugal,Lisboa_Oeiras,174764
2790,Lisboa,Oeiras,Portugal,Lisboa_Oeiras,174764
2760,Lisboa,Oeiras,Portugal,Lisboa_Oeiras,174764
2730,Lisboa,Oeiras,Portugal,Lisboa_Oeiras,174764
2734,Lisboa,Oeiras,Portugal,Lisboa_Oeiras,174764
2794,Lisboa,Oeiras,Portugal,Lisboa_Oeiras,174764
2761,Lisboa,Oeiras,Portugal,Lisboa_Oeiras,174764
2795,Lisboa,Oeiras,Portugal,Lisboa_Oeiras,174764
2799,Lisboa,Oeiras,Portugal,Lisboa_Oeiras,174764
2780,Lisboa,Oeiras,Portugal,Lisboa_Oeiras,174764
2784,Lisboa,Oeiras,Portugal,Lisboa_Oeiras,174764
2770,Lisboa,Oeiras,Portugal,Lisboa_Oeiras,174764
2774,Lisboa,Oeiras,Portugal,Lisboa_Oeiras,174764
2740,Lisboa,Oeiras,Portugal,Lisboa_Oeiras,174764
2744,Lisboa,Oeiras,Portugal,Lisboa_Oeiras,174764
2735,Lisboa,Sintra,Portugal,Lisboa_Sintra,393097
2739,Lisboa,Sintra,Portugal,Lisboa_Sintra,393097
2725,Lisboa,Sintra,Portugal,Lisboa_Sintra,393097
2729,Lisboa,Sintra,Portugal,Lisboa_Sintra,393097
2605,Lisboa,Sintra,Portugal,Lisboa_Sintra,393097
2715,Lisboa,Sintra,Portugal,Lisboa_Sintra,393097
2609,Lisboa,Sintra,Portugal,Lisboa_Sintra,393097
2745,Lisboa,Sintra,Portugal,Lisboa_Sintra,393097
2705,Lisboa,Sintra,Portugal,Lisboa_Sintra,393097
2710,Lisboa,Sintra,Portugal,Lisboa_Sintra,393097
2749,Lisboa,Sintra,Portugal,Lisboa_Sintra,393097
2718,Lisboa,Sintra,Portugal,Lisboa_Sintra,393097
2635,Lisboa,Sintra,Portugal,Lisboa_Sintra,393097
2639,Lisboa,Sintra,Portugal,Lisboa_Sintra,393097
2709,Lisboa,Sintra,Portugal,Lisboa_Sintra,393097
2714,Lisboa,Sintra,Portugal,Lisboa_Sintra,393097
2719,Lisboa,Sintra,Portugal,Lisboa_Sintra,393097
2706,Lisboa,Sintra,Portugal,Lisboa_Sintra,393097
2590,Lisboa,Sobral de Monte Agraço,Portugal,Lisboa_Sobral de Monte Agraço,11674
2594,Lisboa,Sobral de Monte Agraço,Portugal,Lisboa_Sobral de Monte Agraço,11674
2560,Lisboa,Torres Vedras,Portugal,Lisboa_Torres Vedras,87061
2565,Lisboa,Torres Vedras,Portugal,Lisboa_Torres Vedras,87061
2600,Lisboa,Vila Franca de Xira,Portugal,Lisboa_Vila Franca de Xira,138958
2601,Lisboa,Vila Franca de Xira,Portugal,Lisboa_Vila Franca de Xira,138958
2615,Lisboa,Vila Franca de Xira,Portugal,Lisboa_Vila Franca de Xira,138958
2619,Lisboa,Vila Franca de Xira,Portugal,Lisboa_Vila Franca de Xira,138958
2625,Lisboa,Vila Franca de Xira,Portugal,Lisboa_Vila Franca de Xira,138958
2626,Lisboa,Vila Franca de Xira,Portugal,Lisboa_Vila Franca de Xira,138958
2628,Lisboa,Vila Franca de Xira,Portugal,Lisboa_Vila Franca de Xira,138958
2629,Lisboa,Vila Franca de Xira,Portugal,Lisboa_Vila Franca de Xira,138958
7440,Portalegre,Alter do Chão,Portugal,Portalegre_Alter do Chão,3172
7340,Portalegre,Arronches,Portugal,Portalegre_Arronches,2772
7480,Portalegre,Avis,Portugal,Portalegre_Avis,3793
7370,Portalegre,Campo Maior,Portugal,Portalegre_Campo Maior,7936
7374,Portalegre,Campo Maior,Portugal,Portalegre_Campo Maior,7936
7320,Portalegre,Castelo de Vide,Portugal,Portalegre_Castelo de Vide,3204
7430,Portalegre,Crato,Portugal,Portalegre_Crato,3269
7350,Portalegre,Elvas,Portugal,Portalegre_Elvas,20432
7354,Portalegre,Elvas,Portugal,Portalegre_Elvas,20432
7460,Portalegre,Fronteira,Portugal,Portalegre_Fronteira,2958
7464,Portalegre,Fronteira,Portugal,Portalegre_Fronteira,2958
6040,Portalegre,Gavião,Portugal,Portalegre_Gavião,3343
7330,Portalegre,Marvão,Portugal,Portalegre_Marvão,3031
7450,Portalegre,Monforte,Portugal,Portalegre_Monforte,2989
6050,Portalegre,Nisa,Portugal,Portalegre_Nisa,5705
7425,Portalegre,Ponte de Sor,Portugal,Portalegre_Ponte de Sor,15212
7400,Portalegre,Ponte de Sor,Portugal,Portalegre_Ponte de Sor,15212
7300,Portalegre,Portalegre,Portugal,Portalegre_Portalegre,21983
7301,Portalegre,Portalegre,Portugal,Portalegre_Portalegre,21983
7470,Portalegre,Sousel,Portugal,Portalegre_Sousel,4398
4600,Porto,Amarante,Portugal,Porto_Amarante,52154
4605,Porto,Amarante,Portugal,Porto_Amarante,52154
4615,Porto,Amarante,Portugal,Porto_Amarante,52154
4640,Porto,Baião,Portugal,Porto_Baião,17240
5040,Porto,Baião,Portugal,Porto_Baião,17240
4650,Porto,Felgueiras,Portugal,Porto_Felgueiras,55423
4615,Porto,Felgueiras,Portugal,Porto_Felgueiras,55423
4610,Porto,Felgueiras,Portugal,Porto_Felgueiras,55423
4614,Porto,Felgueiras,Portugal,Porto_Felgueiras,55423
4620,Porto,Lousada,Portugal,Porto_Lousada,48120
4815,Porto,Felgueiras,Portugal,Porto_Felgueiras,55423
4435,Porto,Gondomar,Portugal,Porto_Gondomar,167917
4510,Porto,Gondomar,Portugal,Porto_Gondomar,167917
4515,Porto,Gondomar,Portugal,Porto_Gondomar,167917
4420,Porto,Gondomar,Portugal,Porto_Gondomar,167917
4424,Porto,Gondomar,Portugal,Porto_Gondomar,167917
4624,Porto,Lousada,Portugal,Porto_Lousada,48120
4650,Porto,Lousada,Portugal,Porto_Lousada,48120
4425,Porto,Maia,Portugal,Porto_Maia,141463
4475,Porto,Maia,Portugal,Porto_Maia,141463
4470,Porto,Maia,Portugal,Porto_Maia,141463
4477,Porto,Maia,Portugal,Porto_Maia,141463
4479,Porto,Maia,Portugal,Porto_Maia,141463
4471,Porto,Maia,Portugal,Porto_Maia,141463
4474,Porto,Maia,Portugal,Porto_Maia,141463
4575,Porto,Marco de Canaveses,Portugal,Porto_Marco de Canaveses,49518
4625,Porto,Marco de Canaveses,Portugal,Porto_Marco de Canaveses,49518
4630,Porto,Marco de Canaveses,Portugal,Porto_Marco de Canaveses,49518
4635,Porto,Marco de Canaveses,Portugal,Porto_Marco de Canaveses,49518
4634,Porto,Marco de Canaveses,Portugal,Porto_Marco de Canaveses,49518
4460,Porto,Matosinhos,Portugal,Porto_Matosinhos,178351
4465,Porto,Matosinhos,Portugal,Porto_Matosinhos,178351
4455,Porto,Matosinhos,Portugal,Porto_Matosinhos,178351
4450,Porto,Matosinhos,Portugal,Porto_Matosinhos,178351
4454,Porto,Matosinhos,Portugal,Porto_Matosinhos,178351
4459,Porto,Matosinhos,Portugal,Porto_Matosinhos,178351
4458,Porto,Matosinhos,Portugal,Porto_Matosinhos,178351
4464,Porto,Matosinhos,Portugal,Porto_Matosinhos,178351
4595,Porto,Paços de Ferreira,Portugal,Porto_Paços de Ferreira,55932
4590,Porto,Paços de Ferreira,Portugal,Porto_Paços de Ferreira,55932
4594,Porto,Paços de Ferreira,Portugal,Porto_Paços de Ferreira,55932
4599,Porto,Paços de Ferreira,Portugal,Porto_Paços de Ferreira,55932
4585,Porto,Paredes,Portugal,Porto_Paredes,85700
4580,Porto,Paredes,Portugal,Porto_Paredes,85700
4560,Porto,Penafiel,Portugal,Porto_Penafiel,70160
4575,Porto,Penafiel,Portugal,Porto_Penafiel,70160
4564,Porto,Penafiel,Portugal,Porto_Penafiel,70160
4100,Porto,Porto,Portugal,Porto_Porto,245893
4150,Porto,Porto,Portugal,Porto_Porto,245893
4149,Porto,Porto,Portugal,Porto_Porto,245893
4099,Porto,Porto,Portugal,Porto_Porto,245893
4050,Porto,Porto,Portugal,Porto_Porto,245893
4350,Porto,Porto,Portugal,Porto_Porto,245893
4200,Porto,Porto,Portugal,Porto_Porto,245893
4250,Porto,Porto,Portugal,Porto_Porto,245893
4300,Porto,Porto,Portugal,Porto_Porto,245893
4349,Porto,Porto,Portugal,Porto_Porto,245893
4000,Porto,Porto,Portugal,Porto_Porto,245893
4049,Porto,Porto,Portugal,Porto_Porto,245893
4249,Porto,Porto,Portugal,Porto_Porto,245893
4369,Porto,Porto,Portugal,Porto_Porto,245893
4269,Porto,Porto,Portugal,Porto_Porto,245893
4169,Porto,Porto,Portugal,Porto_Porto,245893
4199,Porto,Porto,Portugal,Porto_Porto,245893
4495,Porto,Póvoa de Varzim,Portugal,Porto_Póvoa de Varzim,66892
4490,Porto,Póvoa de Varzim,Portugal,Porto_Póvoa de Varzim,66892
4570,Porto,Póvoa de Varzim,Portugal,Porto_Póvoa de Varzim,66892
4825,Porto,Santo Tirso,Portugal,Porto_Santo Tirso,67766
4780,Porto,Santo Tirso,Portugal,Porto_Santo Tirso,67766
4795,Porto,Santo Tirso,Portugal,Porto_Santo Tirso,67766
4745,Porto,Trofa,Portugal,Porto_Trofa,39789
4785,Porto,Trofa,Portugal,Porto_Trofa,39789
4445,Porto,Valongo,Portugal,Porto_Valongo,99288
4440,Porto,Valongo,Portugal,Porto_Valongo,99288
4480,Porto,Vila do Conde,Portugal,Porto_Vila do Conde,84202
4485,Porto,Vila do Conde,Portugal,Porto_Vila do Conde,84202
4486,Porto,Vila do Conde,Portugal,Porto_Vila do Conde,84202
4484,Porto,Vila do Conde,Portugal,Porto_Vila do Conde,84202
4410,Porto,Vila Nova de Gaia,Portugal,Porto_Vila Nova de Gaia,309882
4405,Porto,Vila Nova de Gaia,Portugal,Porto_Vila Nova de Gaia,309882
4430,Porto,Vila Nova de Gaia,Portugal,Porto_Vila Nova de Gaia,309882
4434,Porto,Vila Nova de Gaia,Portugal,Porto_Vila Nova de Gaia,309882
4414,Porto,Vila Nova de Gaia,Portugal,Porto_Vila Nova de Gaia,309882
4400,Porto,Vila Nova de Gaia,Portugal,Porto_Vila Nova de Gaia,309882
4415,Porto,Vila Nova de Gaia,Portugal,Porto_Vila Nova de Gaia,309882
4409,Porto,Vila Nova de Gaia,Portugal,Porto_Vila Nova de Gaia,309882
4404,Porto,Vila Nova de Gaia,Portugal,Porto_Vila Nova de Gaia,309882
2200,Santarém,Abrantes,Portugal,Santarém_Abrantes,33835
2205,Santarém,Abrantes,Portugal,Santarém_Abrantes,33835
2230,Santarém,Abrantes,Portugal,Santarém_Abrantes,33835
2380,Santarém,Alcanena,Portugal,Santarém_Alcanena,12682
2384,Santarém,Alcanena,Portugal,Santarém_Alcanena,12682
2395,Santarém,Alcanena,Portugal,Santarém_Alcanena,12682
2080,Santarém,Almeirim,Portugal,Santarém_Almeirim,22705
2090,Santarém,Alpiarça,Portugal,Santarém_Alpiarça,7272
2130,Santarém,Benavente,Portugal,Santarém_Benavente,31959
2135,Santarém,Benavente,Portugal,Santarém_Benavente,31959
2890,Santarém,Benavente,Portugal,Santarém_Benavente,31959
2139,Santarém,Benavente,Portugal,Santarém_Benavente,31959
2070,Santarém,Cartaxo,Portugal,Santarém_Cartaxo,24178
2140,Santarém,Chamusca,Portugal,Santarém_Chamusca,8546
2250,Santarém,Constância,Portugal,Santarém_Constância,3918
2100,Santarém,Coruche,Portugal,Santarém_Coruche,17369
2330,Santarém,Entroncamento,Portugal,Santarém_Entroncamento,21666
2334,Santarém,Entroncamento,Portugal,Santarém_Entroncamento,21666
2240,Santarém,Ferreira do Zêzere,Portugal,Santarém_Ferreira do Zêzere,7958
2150,Santarém,Golegã,Portugal,Santarém_Golegã,5430
2154,Santarém,Golegã,Portugal,Santarém_Golegã,5430
6120,Santarém,Mação,Portugal,Santarém_Mação,6396
2490,Santarém,Ourém,Portugal,Santarém_Ourém,46104
2435,Santarém,Ourém,Portugal,Santarém_Ourém,46104
2495,Santarém,Ourém,Portugal,Santarém_Ourém,46104
2040,Santarém,Rio Maior,Portugal,Santarém_Rio Maior,22134
2120,Santarém,Salvaterra de Magos,Portugal,Santarém_Salvaterra de Magos,23100
2125,Santarém,Salvaterra de Magos,Portugal,Santarém_Salvaterra de Magos,23100
2124,Santarém,Salvaterra de Magos,Portugal,Santarém_Salvaterra de Magos,23100
2005,Santarém,Santarém,Portugal,Santarém_Santarém,60672
2025,Santarém,Santarém,Portugal,Santarém_Santarém,60672
2000,Santarém,Santarém,Portugal,Santarém_Santarém,60672
2004,Santarém,Santarém,Portugal,Santarém_Santarém,60672
2009,Santarém,Santarém,Portugal,Santarém_Santarém,60672
2230,Santarém,Sardoal,Portugal,Santarém_Sardoal,3598
2305,Santarém,Tomar,Portugal,Santarém_Tomar,36658
2300,Santarém,Tomar,Portugal,Santarém_Tomar,36658
2350,Santarém,Torres Novas,Portugal,Santarém_Torres Novas,34560
2260,Santarém,Vila Nova da Barquinha,Portugal,Santarém_Vila Nova da Barquinha,7642
7580,Setúbal,Alcácer do Sal,Portugal,Setúbal_Alcácer do Sal,11069
7595,Setúbal,Alcácer do Sal,Portugal,Setúbal_Alcácer do Sal,11069
2890,Setúbal,Alcochete,Portugal,Setúbal_Alcochete,19962
2894,Setúbal,Alcochete,Portugal,Setúbal_Alcochete,19962
2800,Setúbal,Almada,Portugal,Setúbal_Almada,180302
2804,Setúbal,Almada,Portugal,Setúbal_Almada,180302
2805,Setúbal,Almada,Portugal,Setúbal_Almada,180302
2809,Setúbal,Almada,Portugal,Setúbal_Almada,180302
2825,Setúbal,Almada,Portugal,Setúbal_Almada,180302
2829,Setúbal,Almada,Portugal,Setúbal_Almada,180302
2820,Setúbal,Almada,Portugal,Setúbal_Almada,180302
2821,Setúbal,Almada,Portugal,Setúbal_Almada,180302
2810,Setúbal,Almada,Portugal,Setúbal_Almada,180302
2814,Setúbal,Almada,Portugal,Setúbal_Almada,180302
2815,Setúbal,Almada,Portugal,Setúbal_Almada,180302
2819,Setúbal,Almada,Portugal,Setúbal_Almada,180302
2834,Setúbal,Barreiro,Portugal,Setúbal_Barreiro,79486
2830,Setúbal,Barreiro,Portugal,Setúbal_Barreiro,79486
2835,Setúbal,Barreiro,Portugal,Setúbal_Barreiro,79486
2839,Setúbal,Barreiro,Portugal,Setúbal_Barreiro,79486
7570,Setúbal,Grândola,Portugal,Setúbal_Grândola,14084
2860,Setúbal,Moita,Portugal,Setúbal_Moita,68400
2835,Setúbal,Moita,Portugal,Setúbal_Moita,68400
2864,Setúbal,Moita,Portugal,Setúbal_Moita,68400
2870,Setúbal,Montijo,Portugal,Setúbal_Montijo,58620
2985,Setúbal,Montijo,Portugal,Setúbal_Montijo,58620
2100,Setúbal,Montijo,Portugal,Setúbal_Montijo,58620
2965,Setúbal,Palmela,Portugal,Setúbal_Palmela,72296
2950,Setúbal,Palmela,Portugal,Setúbal_Palmela,72296
2954,Setúbal,Palmela,Portugal,Setúbal_Palmela,72296
2955,Setúbal,Palmela,Portugal,Setúbal_Palmela,72296
2951,Setúbal,Palmela,Portugal,Setúbal_Palmela,72296
2959,Setúbal,Palmela,Portugal,Setúbal_Palmela,72296
7540,Setúbal,Santiago do Cacém,Portugal,Setúbal_Santiago do Cacém,28186
7565,Setúbal,Santiago do Cacém,Portugal,Setúbal_Santiago do Cacém,28186
7555,Setúbal,Santiago do Cacém,Portugal,Setúbal_Santiago do Cacém,28186
7500,Setúbal,Santiago do Cacém,Portugal,Setúbal_Santiago do Cacém,28186
2840,Setúbal,Seixal,Portugal,Setúbal_Seixal,171683
2865,Setúbal,Seixal,Portugal,Setúbal_Seixal,171683
2845,Setúbal,Seixal,Portugal,Setúbal_Seixal,171683
2848,Setúbal,Seixal,Portugal,Setúbal_Seixal,171683
2844,Setúbal,Seixal,Portugal,Setúbal_Seixal,171683
2855,Setúbal,Seixal,Portugal,Setúbal_Seixal,171683
2975,Setúbal,Sesimbra,Portugal,Setúbal_Sesimbra,55058
2970,Setúbal,Sesimbra,Portugal,Setúbal_Sesimbra,55058
2910,Setúbal,Setúbal,Portugal,Setúbal_Setúbal,123405
2914,Setúbal,Setúbal,Portugal,Setúbal_Setúbal,123405
2925,Setúbal,Setúbal,Portugal,Setúbal_Setúbal,123405
2929,Setúbal,Setúbal,Portugal,Setúbal_Setúbal,123405
2900,Setúbal,Setúbal,Portugal,Setúbal_Setúbal,123405
2904,Setúbal,Setúbal,Portugal,Setúbal_Setúbal,123405
7520,Setúbal,Sines,Portugal,Setúbal_Sines,14708
7555,Setúbal,Sines,Portugal,Setúbal_Sines,14708
4970,Viana do Castelo,Arcos de Valdevez,Portugal,Viana do Castelo_Arcos de Valdevez,20786
4974,Viana do Castelo,Arcos de Valdevez,Portugal,Viana do Castelo_Arcos de Valdevez,20786
4910,Viana do Castelo,Caminha,Portugal,Viana do Castelo_Caminha,16324
4914,Viana do Castelo,Caminha,Portugal,Viana do Castelo_Caminha,16324
4960,Viana do Castelo,Melgaço,Portugal,Viana do Castelo_Melgaço,7607
4964,Viana do Castelo,Melgaço,Portugal,Viana do Castelo_Melgaço,7607
4950,Viana do Castelo,Monção,Portugal,Viana do Castelo_Monção,17974
4940,Viana do Castelo,Paredes de Coura,Portugal,Viana do Castelo_Paredes de Coura,8693
4944,Viana do Castelo,Paredes de Coura,Portugal,Viana do Castelo_Paredes de Coura,8693
4980,Viana do Castelo,Ponte da Barca,Portugal,Viana do Castelo_Ponte da Barca,11142
4990,Viana do Castelo,Ponte de Lima,Portugal,Viana do Castelo_Ponte de Lima,41098
4924,Viana do Castelo,Vila Nova de Cerveira,Portugal,Viana do Castelo_Vila Nova de Cerveira,9259
4930,Viana do Castelo,Valença,Portugal,Viana do Castelo_Valença,14046
4900,Viana do Castelo,Viana do Castelo,Portugal,Viana do Castelo_Viana do Castelo,86518
4905,Viana do Castelo,Viana do Castelo,Portugal,Viana do Castelo_Viana do Castelo,86518
4925,Viana do Castelo,Viana do Castelo,Portugal,Viana do Castelo_Viana do Castelo,86518
4935,Viana do Castelo,Viana do Castelo,Portugal,Viana do Castelo_Viana do Castelo,86518
4939,Viana do Castelo,Viana do Castelo,Portugal,Viana do Castelo_Viana do Castelo,86518
4904,Viana do Castelo,Viana do Castelo,Portugal,Viana do Castelo_Viana do Castelo,86518
4920,Viana do Castelo,Vila Nova de Cerveira,Portugal,Viana do Castelo_Vila Nova de Cerveira,9259
5070,Vila Real,Alijó,Portugal,Vila Real_Alijó,10343
5085,Vila Real,Alijó,Portugal,Vila Real_Alijó,10343
5460,Vila Real,Boticas,Portugal,Vila Real_Boticas,4892
5400,Vila Real,Chaves,Portugal,Vila Real_Chaves,37373
5425,Vila Real,Chaves,Portugal,Vila Real_Chaves,37373
5040,Vila Real,Mesão Frio,Portugal,Vila Real_Mesão Frio,3500
4880,Vila Real,Mondim de Basto,Portugal,Vila Real_Mondim de Basto,6407
5470,Vila Real,Montalegre,Portugal,Vila Real_Montalegre,9141
5090,Vila Real,Murça,Portugal,Vila Real_Murça,5240
5050,Vila Real,Peso da Régua,Portugal,Vila Real_Peso da Régua,14415
5054,Vila Real,Peso da Régua,Portugal,Vila Real_Peso da Régua,14415
5040,Vila Real,Peso da Régua,Portugal,Vila Real_Peso da Régua,14415
4870,Vila Real,Ribeira de Pena,Portugal,Vila Real_Ribeira de Pena,5849
5060,Vila Real,Sabrosa,Portugal,Vila Real_Sabrosa,5616
5085,Vila Real,Sabrosa,Portugal,Vila Real_Sabrosa,5616
5030,Vila Real,Santa Marta de Penaguião,Portugal,Vila Real_Santa Marta de Penaguião,5988
5430,Vila Real,Valpaços,Portugal,Vila Real_Valpaços,14574
5445,Vila Real,Valpaços,Portugal,Vila Real_Valpaços,14574
5450,Vila Real,Vila Pouca de Aguiar,Portugal,Vila Real_Vila Pouca de Aguiar,11763
5000,Vila Real,Vila Real,Portugal,Vila Real_Vila Real,49795
5004,Vila Real,Vila Real,Portugal,Vila Real_Vila Real,49795
5110,Viseu,Armamar,Portugal,Viseu_Armamar,5672
5114,Viseu,Armamar,Portugal,Viseu_Armamar,5672
3430,Viseu,Carregal do Sal,Portugal,Viseu_Carregal do Sal,9128
3600,Viseu,Castro Daire,Portugal,Viseu_Castro Daire,13677
4690,Viseu,Cinfães,Portugal,Viseu_Cinfães,17496
5100,Viseu,Lamego,Portugal,Viseu_Lamego,24146
3530,Viseu,Mangualde,Portugal,Viseu_Mangualde,18461
3534,Viseu,Mangualde,Portugal,Viseu_Mangualde,18461
3620,Viseu,Moimenta da Beira,Portugal,Viseu_Moimenta da Beira,9675
3624,Viseu,Moimenta da Beira,Portugal,Viseu_Moimenta da Beira,9675
3450,Viseu,Mortágua,Portugal,Viseu_Mortágua,9002
3525,Viseu,Nelas,Portugal,Viseu_Nelas,13239
3520,Viseu,Nelas,Portugal,Viseu_Nelas,13239
3475,Viseu,Oliveira de Frades,Portugal,Viseu_Oliveira de Frades,9693
3680,Viseu,Oliveira de Frades,Portugal,Viseu_Oliveira de Frades,9693
3550,Viseu,Penalva do Castelo,Portugal,Viseu_Penalva do Castelo,7311
3630,Viseu,Penedono,Portugal,Viseu_Penedono,2798
4660,Viseu,Resende,Portugal,Viseu_Resende,9811
4664,Viseu,Resende,Portugal,Viseu_Resende,9811
3440,Viseu,Santa Comba Dão,Portugal,Viseu_Santa Comba Dão,10865
5130,Viseu,São João da Pesqueira,Portugal,Viseu_São João da Pesqueira,6774
3660,Viseu,São Pedro do Sul,Portugal,Viseu_São Pedro do Sul,15132
3560,Viseu,Sátão,Portugal,Viseu_Sátão,11087
3650,Viseu,Sátão,Portugal,Viseu_Sátão,11087
3640,Viseu,Sernancelhe,Portugal,Viseu_Sernancelhe,5766
3620,Viseu,Sernancelhe,Portugal,Viseu_Sernancelhe,5766
5120,Viseu,Tabuaço,Portugal,Viseu_Tabuaço,5048
3610,Viseu,Tarouca,Portugal,Viseu_Tarouca,7547
3465,Viseu,Tondela,Portugal,Viseu_Tondela,25738
3460,Viseu,Tondela,Portugal,Viseu_Tondela,25738
3475,Viseu,Tondela,Portugal,Viseu_Tondela,25738
3464,Viseu,Tondela,Portugal,Viseu_Tondela,25738
3650,Viseu,Vila Nova de Paiva,Portugal,Viseu_Vila Nova de Paiva,4722
3654,Viseu,Vila Nova de Paiva,Portugal,Viseu_Vila Nova de Paiva,4722
3515,Viseu,Viseu,Portugal,Viseu_Viseu,101172
3519,Viseu,Viseu,Portugal,Viseu_Viseu,101172
3510,Viseu,Viseu,Portugal,Viseu_Viseu,101172
3503,Viseu,Viseu,Portugal,Viseu_Viseu,101172
3505,Viseu,Viseu,Portugal,Viseu_Viseu,101172
3500,Viseu,Viseu,Portugal,Viseu_Viseu,101172
3504,Viseu,Viseu,Portugal,Viseu_Viseu,101172
3514,Viseu,Viseu,Portugal,Viseu_Viseu,101172
3670,Viseu,Vouzela,Portugal,Viseu_Vouzela,9709
