postcodes,district,county,country,district_county,lat,long
3750,Aveiro,Águeda,Portugal,Aveiro_Águeda,40.583217000000005,-8.425849906880153
3754,Aveiro,Águeda,Portugal,Aveiro_Águeda,40.583217000000005,-8.425849906880153
3850,Aveiro,Albergaria-a-Velha,Portugal,Aveiro_Albergaria-a-Velha,40.688155550000005,-8.502978845597925
3780,Aveiro,Anadia,Portugal,Aveiro_Anadia,40.601383999999996,-7.769730642279349
4540,Aveiro,Arouca,Portugal,Aveiro_Arouca,40.93356265,-8.242678479864527
3810,Aveiro,Aveiro,Portugal,Aveiro_Aveiro,40.679150449999995,-8.52171661522701
3800,Aveiro,Aveiro,Portugal,Aveiro_Aveiro,40.679150449999995,-8.52171661522701
3804,Aveiro,Aveiro,Portugal,Aveiro_Aveiro,40.679150449999995,-8.52171661522701
3814,Aveiro,Aveiro,Portugal,Aveiro_Aveiro,40.679150449999995,-8.52171661522701
3813,Aveiro,Aveiro,Portugal,Aveiro_Aveiro,40.679150449999995,-8.52171661522701
4550,Aveiro,Castelo de Paiva,Portugal,Aveiro_Castelo de Paiva,41.03649075,-8.279560300100806
4504,Aveiro,Espinho,Portugal,Aveiro_Espinho,40.2550161,-8.1197131
3860,Aveiro,Estarreja,Portugal,Aveiro_Estarreja,40.74774145628352,-8.581865553340606
3864,Aveiro,Estarreja,Portugal,Aveiro_Estarreja,40.74774145628352,-8.581865553340606
3870,Aveiro,Murtosa,Portugal,Aveiro_Murtosa,40.72525652680332,-8.626509192311104
3865,Aveiro,Estarreja,Portugal,Aveiro_Estarreja,40.74774145628352,-8.581865553340606
3830,Aveiro,Ílhavo,Portugal,Aveiro_Ílhavo,40.60097945,-8.673881638932594
3050,Aveiro,Mealhada,Portugal,Aveiro_Mealhada,40.3820855,-8.442101211113574
3054,Aveiro,Mealhada,Portugal,Aveiro_Mealhada,40.3820855,-8.442101211113574
3720,Aveiro,Oliveira de Azeméis,Portugal,Aveiro_Oliveira de Azeméis,40.8431067,-8.468516409995193
3770,Aveiro,Oliveira do Bairro,Portugal,Aveiro_Oliveira do Bairro,40.50833005,-8.4849392462688
3774,Aveiro,Oliveira do Bairro,Portugal,Aveiro_Oliveira do Bairro,40.50833005,-8.4849392462688
3885,Aveiro,Ovar,Portugal,Aveiro_Ovar,40.8456684,-8.64847761987809
3880,Aveiro,Ovar,Portugal,Aveiro_Ovar,40.8456684,-8.64847761987809
3884,Aveiro,Ovar,Portugal,Aveiro_Ovar,40.8456684,-8.64847761987809
4505,Aveiro,Santa Maria da Feira,Portugal,Aveiro_Santa Maria da Feira,38.0439558,-7.854392350486331
3700,Aveiro,Santa Maria da Feira,Portugal,Aveiro_Santa Maria da Feira,38.0439558,-7.854392350486331
4525,Aveiro,Santa Maria da Feira,Portugal,Aveiro_Santa Maria da Feira,38.0439558,-7.854392350486331
4520,Aveiro,Santa Maria da Feira,Portugal,Aveiro_Santa Maria da Feira,38.0439558,-7.854392350486331
4535,Aveiro,Santa Maria da Feira,Portugal,Aveiro_Santa Maria da Feira,38.0439558,-7.854392350486331
4500,Aveiro,Santa Maria da Feira,Portugal,Aveiro_Santa Maria da Feira,38.0439558,-7.854392350486331
3701,Aveiro,São João da Madeira,Portugal,Aveiro_São João da Madeira,40.897404,-8.490683816868543
3740,Aveiro,Sever do Vouga,Portugal,Aveiro_Sever do Vouga,40.73057185,-8.370092204141741
3744,Aveiro,Sever do Vouga,Portugal,Aveiro_Sever do Vouga,40.73057185,-8.370092204141741
3840,Aveiro,Vagos,Portugal,Aveiro_Vagos,40.553500299999996,-8.69891688842035
3730,Aveiro,Vale de Cambra,Portugal,Aveiro_Vale de Cambra,40.8390621,-8.402303678879736
3734,Aveiro,Vale de Cambra,Portugal,Aveiro_Vale de Cambra,40.8390621,-8.402303678879736
7600,Beja,Aljustrel,Portugal,Beja_Aljustrel,37.8815018,-8.1675928
7604,Beja,Aljustrel,Portugal,Beja_Aljustrel,37.8815018,-8.1675928
7700,Beja,Almodôvar,Portugal,Beja_Almodôvar,37.481751,-8.034822842056554
7920,Beja,Alvito,Portugal,Beja_Alvito,41.607831649999994,-8.588235138704073
7924,Beja,Alvito,Portugal,Beja_Alvito,41.607831649999994,-8.588235138704073
7230,Beja,Barrancos,Portugal,Beja_Barrancos,37.11813825,-8.304531539608561
7800,Beja,Beja,Portugal,Beja_Beja,37.8250335,-7.933855145708009
7801,Beja,Beja,Portugal,Beja_Beja,37.8250335,-7.933855145708009
7780,Beja,Castro Verde,Portugal,Beja_Castro Verde,37.7175134,-8.10258280558051
7940,Beja,Cuba,Portugal,Beja_Cuba,38.1688973,-7.892582415471567
7900,Beja,Ferreira do Alentejo,Portugal,Beja_Ferreira do Alentejo,38.052694200000005,-8.137049998474158
7750,Beja,Mértola,Portugal,Beja_Mértola,37.98387897699075,-7.8483646674330485
7754,Beja,Mértola,Portugal,Beja_Mértola,37.98387897699075,-7.8483646674330485
7885,Beja,Moura,Portugal,Beja_Moura,40.2774107,-6.986589
7875,Beja,Moura,Portugal,Beja_Moura,40.2774107,-6.986589
7860,Beja,Moura,Portugal,Beja_Moura,40.2774107,-6.986589
7864,Beja,Moura,Portugal,Beja_Moura,40.2774107,-6.986589
7630,Beja,Odemira,Portugal,Beja_Odemira,37.637745949999996,-8.596658769890816
7665,Beja,Odemira,Portugal,Beja_Odemira,37.637745949999996,-8.596658769890816
7645,Beja,Odemira,Portugal,Beja_Odemira,37.637745949999996,-8.596658769890816
7670,Beja,Ourique,Portugal,Beja_Ourique,37.649306800000005,-8.227571523371154
7830,Beja,Serpa,Portugal,Beja_Serpa,37.878961950000004,-7.540821602235044
7960,Beja,Vidigueira,Portugal,Beja_Vidigueira,38.208623349999996,-7.8014092429268835
4720,Braga,Amares,Portugal,Braga_Amares,41.63119345,-8.34888765257488
4750,Braga,Barcelos,Portugal,Braga_Barcelos,41.53245575,-8.618249942408191
4755,Braga,Barcelos,Portugal,Braga_Barcelos,41.53245575,-8.618249942408191
4754,Braga,Barcelos,Portugal,Braga_Barcelos,41.53245575,-8.618249942408191
4775,Braga,Barcelos,Portugal,Braga_Barcelos,41.53245575,-8.618249942408191
4710,Braga,Braga,Portugal,Braga_Braga,41.56983185,-8.305940894467813
4705,Braga,Braga,Portugal,Braga_Braga,41.56983185,-8.305940894467813
4709,Braga,Braga,Portugal,Braga_Braga,41.56983185,-8.305940894467813
4700,Braga,Braga,Portugal,Braga_Braga,41.56983185,-8.305940894467813
4704,Braga,Braga,Portugal,Braga_Braga,41.56983185,-8.305940894467813
4714,Braga,Braga,Portugal,Braga_Braga,41.56983185,-8.305940894467813
4715,Braga,Braga,Portugal,Braga_Braga,41.56983185,-8.305940894467813
4719,Braga,Braga,Portugal,Braga_Braga,41.56983185,-8.305940894467813
4890,Braga,Celorico de Basto,Portugal,Braga_Celorico de Basto,41.3315359,-8.035898570212952
4740,Braga,Esposende,Portugal,Braga_Esposende,41.5333306,-8.780710679483596
4820,Braga,Fafe,Portugal,Braga_Fafe,41.54217935,-8.16629353302866
4824,Braga,Fafe,Portugal,Braga_Fafe,41.54217935,-8.16629353302866
4810,Braga,Guimarães,Portugal,Braga_Guimarães,41.4471587,-8.288836286546829
4805,Braga,Guimarães,Portugal,Braga_Guimarães,41.4471587,-8.288836286546829
4800,Braga,Guimarães,Portugal,Braga_Guimarães,41.4471587,-8.288836286546829
4804,Braga,Guimarães,Portugal,Braga_Guimarães,41.4471587,-8.288836286546829
4809,Braga,Guimarães,Portugal,Braga_Guimarães,41.4471587,-8.288836286546829
4815,Braga,Guimarães,Portugal,Braga_Guimarães,41.4471587,-8.288836286546829
4835,Braga,Guimarães,Portugal,Braga_Guimarães,41.4471587,-8.288836286546829
4839,Braga,Guimarães,Portugal,Braga_Guimarães,41.4471587,-8.288836286546829
4814,Braga,Guimarães,Portugal,Braga_Guimarães,41.4471587,-8.288836286546829
4830,Braga,Póvoa de Lanhoso,Portugal,Braga_Póvoa de Lanhoso,41.57939295,-8.276726605075048
4840,Braga,Terras de Bouro,Portugal,Braga_Terras de Bouro,41.71864975,-8.306390766173418
4845,Braga,Terras de Bouro,Portugal,Braga_Terras de Bouro,41.71864975,-8.306390766173418
4850,Braga,Vieira do Minho,Portugal,Braga_Vieira do Minho,41.62713705,-8.139772276053165
4770,Braga,Vila Nova de Famalicão,Portugal,Braga_Vila Nova de Famalicão,41.414376399999995,-8.522835161985839
4760,Braga,Vila Nova de Famalicão,Portugal,Braga_Vila Nova de Famalicão,41.414376399999995,-8.522835161985839
4765,Braga,Vila Nova de Famalicão,Portugal,Braga_Vila Nova de Famalicão,41.414376399999995,-8.522835161985839
4764,Braga,Vila Nova de Famalicão,Portugal,Braga_Vila Nova de Famalicão,41.414376399999995,-8.522835161985839
4763,Braga,Vila Nova de Famalicão,Portugal,Braga_Vila Nova de Famalicão,41.414376399999995,-8.522835161985839
4730,Braga,Vila Verde,Portugal,Braga_Vila Verde,41.6460988,-8.427741608749997
4620,Braga,Vizela,Portugal,Braga_Vizela,41.38085195,-8.249737114965598
5350,Bragança,Alfândega da Fé,Portugal,Bragança_Alfândega da Fé,41.37069385,-6.955079302711713
5300,Bragança,Bragança,Portugal,Bragança_Bragança,41.5084468,-6.773302360533066
5301,Bragança,Bragança,Portugal,Bragança_Bragança,41.5084468,-6.773302360533066
5140,Bragança,Carrazeda de Ansiães,Portugal,Bragança_Carrazeda de Ansiães,41.24393905,-7.306333778187924
5180,Bragança,Freixo de Espada à Cinta,Portugal,Bragança_Freixo de Espada à Cinta,41.08410765,-6.825511111494766
5340,Bragança,Macedo de Cavaleiros,Portugal,Bragança_Macedo de Cavaleiros,41.53087972522448,-6.960950007034754
5225,Bragança,Miranda do Douro,Portugal,Bragança_Miranda do Douro,41.48942005000001,-6.264130212520131
5210,Bragança,Miranda do Douro,Portugal,Bragança_Miranda do Douro,41.48942005000001,-6.264130212520131
5370,Bragança,Mirandela,Portugal,Bragança_Mirandela,41.5034584,-7.168360820352387
5385,Bragança,Mirandela,Portugal,Bragança_Mirandela,41.5034584,-7.168360820352387
5374,Bragança,Mirandela,Portugal,Bragança_Mirandela,41.5034584,-7.168360820352387
5200,Bragança,Mogadouro,Portugal,Bragança_Mogadouro,41.3275372,-6.708026371672676
5204,Bragança,Mogadouro,Portugal,Bragança_Mogadouro,41.3275372,-6.708026371672676
5160,Bragança,Torre de Moncorvo,Portugal,Bragança_Torre de Moncorvo,41.1720971,-7.055233442032938
5164,Bragança,Torre de Moncorvo,Portugal,Bragança_Torre de Moncorvo,41.1720971,-7.055233442032938
5360,Bragança,Vila Flor,Portugal,Bragança_Vila Flor,41.28118445,-7.11698675291381
6250,Castelo Branco,Belmonte,Portugal,Castelo Branco_Belmonte,40.33566585,-7.348944166400913
6005,Castelo Branco,Castelo Branco,Portugal,Castelo Branco_Castelo Branco,39.97675825,-7.446059929966704
6000,Castelo Branco,Castelo Branco,Portugal,Castelo Branco_Castelo Branco,39.97675825,-7.446059929966704
6004,Castelo Branco,Castelo Branco,Portugal,Castelo Branco_Castelo Branco,39.97675825,-7.446059929966704
6225,Castelo Branco,Covilhã,Portugal,Castelo Branco_Covilhã,40.28695805,-7.5007239184333905
6200,Castelo Branco,Covilhã,Portugal,Castelo Branco_Covilhã,40.28695805,-7.5007239184333905
6215,Castelo Branco,Covilhã,Portugal,Castelo Branco_Covilhã,40.28695805,-7.5007239184333905
6201,Castelo Branco,Covilhã,Portugal,Castelo Branco_Covilhã,40.28695805,-7.5007239184333905
6230,Castelo Branco,Covilhã,Portugal,Castelo Branco_Covilhã,40.28695805,-7.5007239184333905
6185,Castelo Branco,Fundão,Portugal,Castelo Branco_Fundão,40.155232850000004,-7.495988606373544
6060,Castelo Branco,Idanha-a-Nova,Portugal,Castelo Branco_Idanha-a-Nova,39.885492299999996,-7.214374101566566
6160,Castelo Branco,Oleiros,Portugal,Castelo Branco_Oleiros,41.46554325,-8.403135455641348
6090,Castelo Branco,Penamacor,Portugal,Castelo Branco_Penamacor,40.1684193,-7.175851080915157
6320,Castelo Branco,Penamacor,Portugal,Castelo Branco_Penamacor,40.1684193,-7.175851080915157
6150,Castelo Branco,Proença-a-Nova,Portugal,Castelo Branco_Proença-a-Nova,39.73950325,-7.904001898783745
6100,Castelo Branco,Sertã,Portugal,Castelo Branco_Sertã,39.8678593,-7.9941203
6110,Castelo Branco,Vila de Rei,Portugal,Castelo Branco_Vila de Rei,41.302944600000004,-6.666095726629987
3305,Coimbra,Arganil,Portugal,Coimbra_Arganil,39.681042802501466,-7.972898100678883
3300,Coimbra,Arganil,Portugal,Coimbra_Arganil,39.681042802501466,-7.972898100678883
3060,Coimbra,Cantanhede,Portugal,Coimbra_Cantanhede,40.3455612,-8.60446960281715
3064,Coimbra,Cantanhede,Portugal,Coimbra_Cantanhede,40.3455612,-8.60446960281715
3040,Coimbra,Coimbra,Portugal,Coimbra_Coimbra,40.22153715,-8.338105934554843
3045,Coimbra,Coimbra,Portugal,Coimbra_Coimbra,40.22153715,-8.338105934554843
3025,Coimbra,Coimbra,Portugal,Coimbra_Coimbra,40.22153715,-8.338105934554843
3020,Coimbra,Coimbra,Portugal,Coimbra_Coimbra,40.22153715,-8.338105934554843
3030,Coimbra,Coimbra,Portugal,Coimbra_Coimbra,40.22153715,-8.338105934554843
3044,Coimbra,Coimbra,Portugal,Coimbra_Coimbra,40.22153715,-8.338105934554843
3004,Coimbra,Coimbra,Portugal,Coimbra_Coimbra,40.22153715,-8.338105934554843
3000,Coimbra,Coimbra,Portugal,Coimbra_Coimbra,40.22153715,-8.338105934554843
3034,Coimbra,Coimbra,Portugal,Coimbra_Coimbra,40.22153715,-8.338105934554843
3049,Coimbra,Coimbra,Portugal,Coimbra_Coimbra,40.22153715,-8.338105934554843
3048,Coimbra,Coimbra,Portugal,Coimbra_Coimbra,40.22153715,-8.338105934554843
3150,Coimbra,Condeixa-a-Nova,Portugal,Coimbra_Condeixa-a-Nova,40.11832575,-8.498568763527336
3154,Coimbra,Condeixa-a-Nova,Portugal,Coimbra_Condeixa-a-Nova,40.11832575,-8.498568763527336
3090,Coimbra,Figueira da Foz,Portugal,Coimbra_Figueira da Foz,40.1564582,-8.872085268978692
3080,Coimbra,Figueira da Foz,Portugal,Coimbra_Figueira da Foz,40.1564582,-8.872085268978692
3094,Coimbra,Figueira da Foz,Portugal,Coimbra_Figueira da Foz,40.1564582,-8.872085268978692
3084,Coimbra,Figueira da Foz,Portugal,Coimbra_Figueira da Foz,40.1564582,-8.872085268978692
3330,Coimbra,Góis,Portugal,Coimbra_Góis,41.8981026,-8.7900568
3334,Coimbra,Góis,Portugal,Coimbra_Góis,41.8981026,-8.7900568
3200,Coimbra,Lousã,Portugal,Coimbra_Lousã,39.942631500000005,-7.359817325021125
3070,Coimbra,Mira,Portugal,Coimbra_Mira,38.053014,-8.026017
3074,Coimbra,Mira,Portugal,Coimbra_Mira,38.053014,-8.026017
3140,Coimbra,Montemor-o-Velho,Portugal,Coimbra_Montemor-o-Velho,40.18718675,-8.661443827671647
3144,Coimbra,Montemor-o-Velho,Portugal,Coimbra_Montemor-o-Velho,40.18718675,-8.661443827671647
3400,Coimbra,Oliveira do Hospital,Portugal,Coimbra_Oliveira do Hospital,40.35415605,-7.862294285249114
3405,Coimbra,Oliveira do Hospital,Portugal,Coimbra_Oliveira do Hospital,40.35415605,-7.862294285249114
3404,Coimbra,Oliveira do Hospital,Portugal,Coimbra_Oliveira do Hospital,40.35415605,-7.862294285249114
3320,Coimbra,Pampilhosa da Serra,Portugal,Coimbra_Pampilhosa da Serra,40.0470923,-7.947834
3360,Coimbra,Penacova,Portugal,Coimbra_Penacova,41.7664844,-8.2839984
3230,Coimbra,Penela,Portugal,Coimbra_Penela,40.900695150000004,-7.304183422680138
3234,Coimbra,Penela,Portugal,Coimbra_Penela,40.900695150000004,-7.304183422680138
3420,Coimbra,Tábua,Portugal,Coimbra_Tábua,37.30342202249925,-7.474341017447574
3350,Coimbra,Vila Nova de Poiares,Portugal,Coimbra_Vila Nova de Poiares,40.21379035,-8.266190934173135
7250,Évora,Alandroal,Portugal,Évora_Alandroal,38.634187499999996,-7.335932717059611
7154,Évora,Borba,Portugal,Évora_Borba,41.331519099999994,-8.129394476295701
7040,Évora,Arraiolos,Portugal,Évora_Arraiolos,38.7257078,-7.9881374
7150,Évora,Borba,Portugal,Évora_Borba,41.331519099999994,-8.129394476295701
7100,Évora,Estremoz,Portugal,Évora_Estremoz,38.843127949999996,-7.59004125516045
7005,Évora,Évora,Portugal,Évora_Évora,38.590696300000005,-7.957193367904742
7000,Évora,Évora,Portugal,Évora_Évora,38.590696300000005,-7.957193367904742
7004,Évora,Évora,Portugal,Évora_Évora,38.590696300000005,-7.957193367904742
7009,Évora,Évora,Portugal,Évora_Évora,38.590696300000005,-7.957193367904742
7050,Évora,Montemor-o-Novo,Portugal,Évora_Montemor-o-Novo,38.64571265,-8.21197488294725
7490,Évora,Mora,Portugal,Évora_Mora,37.3087384,-7.6068169
7240,Évora,Mourão,Portugal,Évora_Mourão,41.24144925,-7.198128127495142
7244,Évora,Mourão,Portugal,Évora_Mourão,41.24144925,-7.198128127495142
7220,Évora,Portel,Portugal,Évora_Portel,38.30688615,-7.704677312640056
7170,Évora,Redondo,Portugal,Évora_Redondo,41.8437574,-8.4541048
7080,Évora,Vendas Novas,Portugal,Évora_Vendas Novas,38.67813005,-8.464724966274485
7090,Évora,Viana do Alentejo,Portugal,Évora_Viana do Alentejo,38.3343033,-8.002192393818195
7160,Évora,Vila Viçosa,Portugal,Évora_Vila Viçosa,38.772107250000005,-7.413696247406754
8200,Faro,Albufeira,Portugal,Faro_Albufeira,40.870219250000005,-8.262864370390021
8201,Faro,Albufeira,Portugal,Faro_Albufeira,40.870219250000005,-8.262864370390021
8203,Faro,Albufeira,Portugal,Faro_Albufeira,40.870219250000005,-8.262864370390021
8970,Faro,Alcoutim,Portugal,Faro_Alcoutim,37.44880555,-7.497922469329714
8670,Faro,Aljezur,Portugal,Faro_Aljezur,37.3167521,-8.80514020077719
8950,Faro,Castro Marim,Portugal,Faro_Castro Marim,37.2193175,-7.447608101267559
8954,Faro,Castro Marim,Portugal,Faro_Castro Marim,37.2193175,-7.447608101267559
8009,Faro,Faro,Portugal,Faro_Faro,37.24480855,-8.150756196275431
8005,Faro,Faro,Portugal,Faro_Faro,37.24480855,-8.150756196275431
8000,Faro,Faro,Portugal,Faro_Faro,37.24480855,-8.150756196275431
8004,Faro,Faro,Portugal,Faro_Faro,37.24480855,-8.150756196275431
8400,Faro,Lagoa,Portugal,Faro_Lagoa ,41.38883665,-8.488305667485236
8401,Faro,Lagoa,Portugal,Faro_Lagoa ,41.38883665,-8.488305667485236
8600,Faro,Lagos,Portugal,Faro_Lagos,37.0928118,-8.6941099284489
8601,Faro,Lagos,Portugal,Faro_Lagos,37.0928118,-8.6941099284489
8604,Faro,Lagos,Portugal,Faro_Lagos,37.0928118,-8.6941099284489
8135,Faro,Loulé,Portugal,Faro_Loulé,37.2473538,-7.8872936
8100,Faro,Loulé,Portugal,Faro_Loulé,37.2473538,-7.8872936
8136,Faro,Loulé,Portugal,Faro_Loulé,37.2473538,-7.8872936
8104,Faro,Loulé,Portugal,Faro_Loulé,37.2473538,-7.8872936
8125,Faro,Loulé,Portugal,Faro_Loulé,37.2473538,-7.8872936
8550,Faro,Monchique,Portugal,Faro_Monchique,37.37348125,-8.581855148480685
8700,Faro,Olhão,Portugal,Faro_Olhão,37.035353,-7.837178387607318
8500,Faro,Portimão,Portugal,Faro_Portimão,37.13207645,-8.53817457665967
8501,Faro,Portimão,Portugal,Faro_Portimão,37.13207645,-8.53817457665967
8150,Faro,São Brás de Alportel,Portugal,Faro_São Brás de Alportel,37.15289505,-7.887257179149752
8365,Faro,Silves,Portugal,Faro_Silves,37.192606999999995,-8.441102924553931
8375,Faro,Silves,Portugal,Faro_Silves,37.192606999999995,-8.441102924553931
8300,Faro,Silves,Portugal,Faro_Silves,37.192606999999995,-8.441102924553931
8800,Faro,Tavira,Portugal,Faro_Tavira,37.12622695,-7.671029458777186
8801,Faro,Tavira,Portugal,Faro_Tavira,37.12622695,-7.671029458777186
8804,Faro,Tavira,Portugal,Faro_Tavira,37.12622695,-7.671029458777186
8650,Faro,Vila do Bispo,Portugal,Faro_Vila do Bispo,37.10513465,-8.919365125751604
8900,Faro,Vila Real de Santo António,Portugal,Faro_Vila Real de Santo António,37.19331765,-7.418945601771666
3570,Guarda,Aguiar da Beira,Portugal,Guarda_Aguiar da Beira,40.81739785,-7.554092011056806
6360,Guarda,Celorico da Beira,Portugal,Guarda_Celorico da Beira,40.670057150000005,-7.362366898270106
6290,Guarda,Gouveia,Portugal,Guarda_Gouveia,41.28011645,-6.999441504992746
6294,Guarda,Gouveia,Portugal,Guarda_Gouveia,41.28011645,-6.999441504992746
6300,Guarda,Guarda,Portugal,Guarda_Guarda,40.7046066,-7.195139236071309
6301,Guarda,Guarda,Portugal,Guarda_Guarda,40.7046066,-7.195139236071309
6260,Guarda,Manteigas,Portugal,Guarda_Manteigas,39.2344449,-8.7223717
6264,Guarda,Manteigas,Portugal,Guarda_Manteigas,39.2344449,-8.7223717
6430,Guarda,Mêda,Portugal,Guarda_Meda,40.969635999999994,-7.2521061239956985
6400,Guarda,Pinhel,Portugal,Guarda_Pinhel,40.77504544999999,-7.059718083273024
6324,Guarda,Sabugal,Portugal,Guarda_Sabugal,40.3365528,-7.058178668574316
6270,Guarda,Seia,Portugal,Guarda_Seia,40.424717099999995,-7.692449054394194
6274,Guarda,Seia,Portugal,Guarda_Seia,40.424717099999995,-7.692449054394194
6285,Guarda,Seia,Portugal,Guarda_Seia,40.424717099999995,-7.692449054394194
6420,Guarda,Trancoso,Portugal,Guarda_Trancoso,40.7790351,-7.3474798
6424,Guarda,Trancoso,Portugal,Guarda_Trancoso,40.7790351,-7.3474798
5150,Guarda,Vila Nova de Foz Côa,Portugal,Guarda_Vila Nova de Foz Côa,41.107551099999995,-7.1261360652260475
5155,Guarda,Vila Nova de Foz Côa,Portugal,Guarda_Vila Nova de Foz Côa,41.107551099999995,-7.1261360652260475
9980,Ilha do Corvo,Corvo,Portugal,Ilha do Corvo_Corvo,39.697714149999996,-31.105244356040338
9900,Ilha do Faial,Horta,Portugal,Ilha do Faial_Horta,40.1224669,-8.231851249999998
9901,Ilha do Faial,Horta,Portugal,Ilha do Faial_Horta,40.1224669,-8.231851249999998
9904,Ilha do Faial,Horta,Portugal,Ilha do Faial_Horta,40.1224669,-8.231851249999998
9960,Ilha das Flores,Lajes das Flores,Portugal,Ilha das Flores_Lajes das Flores,39.3807161,-31.178745224232543
9970,Ilha das Flores,Santa Cruz das Flores,Portugal,Ilha das Flores_Santa Cruz das Flores,39.456590500000004,-31.130888239088605
9880,Ilha da Graciosa,Santa Cruz da Graciosa,Portugal,Ilha da Graciosa_Santa Cruz da Graciosa,39.082764499999996,-28.003606103844234
9300,Ilha da Madeira,Câmara de Lobos,Portugal,Ilha da Madeira_Câmara de Lobos,32.6457319,-16.9753702
9304,Ilha da Madeira,Câmara de Lobos,Portugal,Ilha da Madeira_Câmara de Lobos,32.6457319,-16.9753702
9030,Ilha da Madeira,Câmara de Lobos,Portugal,Ilha da Madeira_Câmara de Lobos,32.6457319,-16.9753702
9325,Ilha da Madeira,Câmara de Lobos,Portugal,Ilha da Madeira_Câmara de Lobos,32.6457319,-16.9753702
9050,Ilha da Madeira,Funchal,Portugal,Ilha da Madeira_Funchal,37.1116499,-8.7096269
9054,Ilha da Madeira,Funchal,Portugal,Ilha da Madeira_Funchal,37.1116499,-8.7096269
9060,Ilha da Madeira,Funchal,Portugal,Ilha da Madeira_Funchal,37.1116499,-8.7096269
9004,Ilha da Madeira,Funchal,Portugal,Ilha da Madeira_Funchal,37.1116499,-8.7096269
9000,Ilha da Madeira,Funchal,Portugal,Ilha da Madeira_Funchal,37.1116499,-8.7096269
9064,Ilha da Madeira,Funchal,Portugal,Ilha da Madeira_Funchal,37.1116499,-8.7096269
9020,Ilha da Madeira,Funchal,Portugal,Ilha da Madeira_Funchal,37.1116499,-8.7096269
9024,Ilha da Madeira,Funchal,Portugal,Ilha da Madeira_Funchal,37.1116499,-8.7096269
9200,Ilha da Madeira,Machico,Portugal,Ilha da Madeira_Machico,32.71365005,-16.766455967196322
9225,Ilha da Madeira,Machico,Portugal,Ilha da Madeira_Machico,32.71365005,-16.766455967196322
9360,Ilha da Madeira,Ponta do Sol,Portugal,Ilha da Madeira_Ponta do Sol,32.701058786793155,-17.088062778275564
9270,Ilha da Madeira,Porto Moniz,Portugal,Ilha da Madeira_Porto Moniz,32.859769099999994,-17.188727837912634
9350,Ilha da Madeira,Ribeira Brava,Portugal,Ilha da Madeira_Ribeira Brava,37.2101183,-8.6481045
9135,Ilha da Madeira,Santa Cruz,Portugal,Ilha da Madeira_Santa Cruz,41.9041733,-6.957427432501705
9125,Ilha da Madeira,Santa Cruz,Portugal,Ilha da Madeira_Santa Cruz,41.9041733,-6.957427432501705
9100,Ilha da Madeira,Santa Cruz,Portugal,Ilha da Madeira_Santa Cruz,41.9041733,-6.957427432501705
9230,Ilha da Madeira,Santana,Portugal,Ilha da Madeira_Santana,40.19403615,-8.718904200103452
9240,Ilha da Madeira,São Vicente,Portugal,Ilha da Madeira_São Vicente,39.555310500000004,-8.898047469057524
9930,Ilha do Pico,Lajes do Pico,Portugal,Ilha do Pico_Lajes do Pico,38.3947783,-28.253216547282644
9934,Ilha do Pico,Lajes do Pico,Portugal,Ilha do Pico_Lajes do Pico,38.3947783,-28.253216547282644
9950,Ilha do Pico,Madalena,Portugal,Ilha do Pico_Madalena,38.709483399999996,-9.135410782965511
9940,Ilha do Pico,São Roque do Pico,Portugal,Ilha do Pico_São Roque do Pico,38.5290939,-28.319520044722037
9944,Ilha do Pico,São Roque do Pico,Portugal,Ilha do Pico_São Roque do Pico,38.5290939,-28.319520044722037
9400,Ilha de Porto Santo,Porto Santo,Portugal,Ilha de Porto Santo_Porto Santo,33.0657845,-16.336223627136313
9580,Ilha de Santa Maria,Vila do Porto,Portugal,Ilha de Santa Maria_Vila do Porto,36.955342200000004,-25.142783147863035
9800,Ilha de São Jorge,Velas,Portugal,Ilha de São Jorge_Velas,38.68344905,-28.212956440097585
9804,Ilha de São Jorge,Velas,Portugal,Ilha de São Jorge_Velas,38.68344905,-28.212956440097585
9630,Ilha de São Miguel,Nordeste,Portugal,Ilha de São Miguel_Nordeste,37.832450949999995,-25.147623116666665
9545,Ilha de São Miguel,Ponta Delgada,Portugal,Ilha de São Miguel_Ponta Delgada,37.74757445,-25.672678266146384
9500,Ilha de São Miguel,Ponta Delgada,Portugal,Ilha de São Miguel_Ponta Delgada,37.74757445,-25.672678266146384
9504,Ilha de São Miguel,Ponta Delgada,Portugal,Ilha de São Miguel_Ponta Delgada,37.74757445,-25.672678266146384
9555,Ilha de São Miguel,Ponta Delgada,Portugal,Ilha de São Miguel_Ponta Delgada,37.74757445,-25.672678266146384
9650,Ilha de São Miguel,Povoação,Portugal,Ilha de São Miguel_Povoação,41.3438762,-8.606842112923108
9675,Ilha de São Miguel,Povoação,Portugal,Ilha de São Miguel_Povoação,41.3438762,-8.606842112923108
9600,Ilha de São Miguel,Ribeira Grande,Portugal,Ilha de São Miguel_Ribeira Grande,39.43749605138224,-31.249073014407454
9625,Ilha de São Miguel,Ribeira Grande,Portugal,Ilha de São Miguel_Ribeira Grande,39.43749605138224,-31.249073014407454
9680,Ilha de São Miguel,Vila Franca do Campo,Portugal,Ilha de São Miguel_Vila Franca do Campo,37.722167049999996,-25.435799400251383
9684,Ilha de São Miguel,Vila Franca do Campo,Portugal,Ilha de São Miguel_Vila Franca do Campo,37.722167049999996,-25.435799400251383
9700,Ilha Terceira,Angra do Heroísmo,Portugal,Ilha Terceira_Angra do Heroísmo,38.6600689,-27.205433457988885
9701,Ilha Terceira,Angra do Heroísmo,Portugal,Ilha Terceira_Angra do Heroísmo,38.6600689,-27.205433457988885
2460,Leiria,Alcobaça,Portugal,Leiria_Alcobaça,39.550219,-8.975359035947783
2461,Leiria,Alcobaça,Portugal,Leiria_Alcobaça,39.550219,-8.975359035947783
2475,Leiria,Alcobaça,Portugal,Leiria_Alcobaça,39.550219,-8.975359035947783
2445,Leiria,Alcobaça,Portugal,Leiria_Alcobaça,39.550219,-8.975359035947783
3250,Leiria,Alvaiázere,Portugal,Leiria_Alvaiázere,39.8285402,-8.411215
3254,Leiria,Alvaiázere,Portugal,Leiria_Alvaiázere,39.8285402,-8.411215
3240,Leiria,Ansião,Portugal,Leiria_Ansião,39.9183297,-8.438672930782342
2440,Leiria,Batalha,Portugal,Leiria_Batalha,41.14552345,-8.60727245
2540,Leiria,Bombarral,Portugal,Leiria_Bombarral,39.249008,-9.142731428531498
2500,Leiria,Caldas da Rainha,Portugal,Leiria_Caldas da Rainha,39.3995013,-9.137469112583286
2504,Leiria,Caldas da Rainha,Portugal,Leiria_Caldas da Rainha,39.3995013,-9.137469112583286
3280,Leiria,Castanheira de Pêra,Portugal,Leiria_Castanheira de Pêra,40.0040495,-8.202774623405045
3260,Leiria,Figueiró dos Vinhos,Portugal,Leiria_Figueiró dos Vinhos,39.889150400000005,-8.27044355556998
2400,Leiria,Leiria,Portugal,Leiria_Leiria,39.6505969,-8.874129490856033
2404,Leiria,Leiria,Portugal,Leiria_Leiria,39.6505969,-8.874129490856033
2420,Leiria,Leiria,Portugal,Leiria_Leiria,39.6505969,-8.874129490856033
2424,Leiria,Leiria,Portugal,Leiria_Leiria,39.6505969,-8.874129490856033
2425,Leiria,Leiria,Portugal,Leiria_Leiria,39.6505969,-8.874129490856033
2410,Leiria,Leiria,Portugal,Leiria_Leiria,39.6505969,-8.874129490856033
2415,Leiria,Leiria,Portugal,Leiria_Leiria,39.6505969,-8.874129490856033
2419,Leiria,Leiria,Portugal,Leiria_Leiria,39.6505969,-8.874129490856033
2423,Leiria,Leiria,Portugal,Leiria_Leiria,39.6505969,-8.874129490856033
2495,Leiria,Leiria,Portugal,Leiria_Leiria,39.6505969,-8.874129490856033
2414,Leiria,Leiria,Portugal,Leiria_Leiria,39.6505969,-8.874129490856033
2405,Leiria,Leiria,Portugal,Leiria_Leiria,39.6505969,-8.874129490856033
2499,Leiria,Leiria,Portugal,Leiria_Leiria,39.6505969,-8.874129490856033
2430,Leiria,Marinha Grande,Portugal,Leiria_Marinha Grande,39.74553545,-8.932045971999107
2434,Leiria,Marinha Grande,Portugal,Leiria_Marinha Grande,39.74553545,-8.932045971999107
2450,Leiria,Nazaré,Portugal,Leiria_Nazaré,39.5971841,-9.073304097863506
2510,Leiria,Óbidos,Portugal,Leiria_Óbidos,39.408232049999995,-9.209677706491512
3270,Leiria,Pedrógão Grande,Portugal,Leiria_Pedrógão Grande,39.92010465,-8.150989531444619
2525,Leiria,Peniche,Portugal,Leiria_Peniche,39.352270149999995,-9.367987735847787
2520,Leiria,Peniche,Portugal,Leiria_Peniche,39.352270149999995,-9.367987735847787
3100,Leiria,Pombal,Portugal,Leiria_Pombal,41.37272565,-6.999824118865462
3105,Leiria,Pombal,Portugal,Leiria_Pombal,41.37272565,-6.999824118865462
3104,Leiria,Pombal,Portugal,Leiria_Pombal,41.37272565,-6.999824118865462
2480,Leiria,Porto de Mós,Portugal,Leiria_Porto de Mós,39.6033851,-8.817835580587275
2485,Leiria,Porto de Mós,Portugal,Leiria_Porto de Mós,39.6033851,-8.817835580587275
2484,Leiria,Porto de Mós,Portugal,Leiria_Porto de Mós,39.6033851,-8.817835580587275
2580,Lisboa,Alenquer,Portugal,Lisboa_Alenquer,39.047051173352415,-8.94438325580149
2581,Lisboa,Alenquer,Portugal,Lisboa_Alenquer,39.047051173352415,-8.94438325580149
2584,Lisboa,Alenquer,Portugal,Lisboa_Alenquer,39.047051173352415,-8.94438325580149
2650,Lisboa,Amadora,Portugal,Lisboa_Amadora,38.74209215,-9.236292429990543
2614,Lisboa,Amadora,Portugal,Lisboa_Amadora,38.74209215,-9.236292429990543
2610,Lisboa,Amadora,Portugal,Lisboa_Amadora,38.74209215,-9.236292429990543
2700,Lisboa,Amadora,Portugal,Lisboa_Amadora,38.74209215,-9.236292429990543
2720,Lisboa,Amadora,Portugal,Lisboa_Amadora,38.74209215,-9.236292429990543
2704,Lisboa,Amadora,Portugal,Lisboa_Amadora,38.74209215,-9.236292429990543
2724,Lisboa,Amadora,Portugal,Lisboa_Amadora,38.74209215,-9.236292429990543
2654,Lisboa,Amadora,Portugal,Lisboa_Amadora,38.74209215,-9.236292429990543
2630,Lisboa,Arruda dos Vinhos,Portugal,Lisboa_Arruda dos Vinhos,38.979233550000004,-9.07293296606252
2634,Lisboa,Arruda dos Vinhos,Portugal,Lisboa_Arruda dos Vinhos,38.979233550000004,-9.07293296606252
2065,Lisboa,Azambuja,Portugal,Lisboa_Azambuja,39.5521488,-8.6853771
2050,Lisboa,Azambuja,Portugal,Lisboa_Azambuja,39.5521488,-8.6853771
2054,Lisboa,Azambuja,Portugal,Lisboa_Azambuja,39.5521488,-8.6853771
2550,Lisboa,Cadaval,Portugal,Lisboa_Cadaval,39.2415666,-9.10464616632921
2755,Lisboa,Cascais,Portugal,Lisboa_Cascais,38.71502635,-9.456762952650216
2645,Lisboa,Cascais,Portugal,Lisboa_Cascais,38.71502635,-9.456762952650216
2649,Lisboa,Cascais,Portugal,Lisboa_Cascais,38.71502635,-9.456762952650216
2756,Lisboa,Cascais,Portugal,Lisboa_Cascais,38.71502635,-9.456762952650216
2775,Lisboa,Cascais,Portugal,Lisboa_Cascais,38.71502635,-9.456762952650216
2750,Lisboa,Cascais,Portugal,Lisboa_Cascais,38.71502635,-9.456762952650216
2765,Lisboa,Cascais,Portugal,Lisboa_Cascais,38.71502635,-9.456762952650216
2769,Lisboa,Cascais,Portugal,Lisboa_Cascais,38.71502635,-9.456762952650216
2785,Lisboa,Cascais,Portugal,Lisboa_Cascais,38.71502635,-9.456762952650216
2779,Lisboa,Cascais,Portugal,Lisboa_Cascais,38.71502635,-9.456762952650216
2754,Lisboa,Cascais,Portugal,Lisboa_Cascais,38.71502635,-9.456762952650216
2789,Lisboa,Cascais,Portugal,Lisboa_Cascais,38.71502635,-9.456762952650216
1300,Lisboa,Lisboa,Portugal,Lisboa_Lisboa,38.9952469,-9.143592824679743
1400,Lisboa,Lisboa,Portugal,Lisboa_Lisboa,38.9952469,-9.143592824679743
1349,Lisboa,Lisboa,Portugal,Lisboa_Lisboa,38.9952469,-9.143592824679743
1070,Lisboa,Lisboa,Portugal,Lisboa_Lisboa,38.9952469,-9.143592824679743
1350,Lisboa,Lisboa,Portugal,Lisboa_Lisboa,38.9952469,-9.143592824679743
1449,Lisboa,Lisboa,Portugal,Lisboa_Lisboa,38.9952469,-9.143592824679743
1900,Lisboa,Lisboa,Portugal,Lisboa_Lisboa,38.9952469,-9.143592824679743
1949,Lisboa,Lisboa,Portugal,Lisboa_Lisboa,38.9952469,-9.143592824679743
1000,Lisboa,Lisboa,Portugal,Lisboa_Lisboa,38.9952469,-9.143592824679743
1049,Lisboa,Lisboa,Portugal,Lisboa_Lisboa,38.9952469,-9.143592824679743
1700,Lisboa,Lisboa,Portugal,Lisboa_Lisboa,38.9952469,-9.143592824679743
1749,Lisboa,Lisboa,Portugal,Lisboa_Lisboa,38.9952469,-9.143592824679743
1150,Lisboa,Lisboa,Portugal,Lisboa_Lisboa,38.9952469,-9.143592824679743
1169,Lisboa,Lisboa,Portugal,Lisboa_Lisboa,38.9952469,-9.143592824679743
1600,Lisboa,Lisboa,Portugal,Lisboa_Lisboa,38.9952469,-9.143592824679743
1050,Lisboa,Lisboa,Portugal,Lisboa_Lisboa,38.9952469,-9.143592824679743
1069,Lisboa,Lisboa,Portugal,Lisboa_Lisboa,38.9952469,-9.143592824679743
1649,Lisboa,Lisboa,Portugal,Lisboa_Lisboa,38.9952469,-9.143592824679743
1750,Lisboa,Lisboa,Portugal,Lisboa_Lisboa,38.9952469,-9.143592824679743
1769,Lisboa,Lisboa,Portugal,Lisboa_Lisboa,38.9952469,-9.143592824679743
1500,Lisboa,Lisboa,Portugal,Lisboa_Lisboa,38.9952469,-9.143592824679743
1170,Lisboa,Lisboa,Portugal,Lisboa_Lisboa,38.9952469,-9.143592824679743
1199,Lisboa,Lisboa,Portugal,Lisboa_Lisboa,38.9952469,-9.143592824679743
1100,Lisboa,Lisboa,Portugal,Lisboa_Lisboa,38.9952469,-9.143592824679743
1149,Lisboa,Lisboa,Portugal,Lisboa_Lisboa,38.9952469,-9.143592824679743
1950,Lisboa,Lisboa,Portugal,Lisboa_Lisboa,38.9952469,-9.143592824679743
1549,Lisboa,Lisboa,Portugal,Lisboa_Lisboa,38.9952469,-9.143592824679743
1800,Lisboa,Lisboa,Portugal,Lisboa_Lisboa,38.9952469,-9.143592824679743
1099,Lisboa,Lisboa,Portugal,Lisboa_Lisboa,38.9952469,-9.143592824679743
1098,Lisboa,Lisboa,Portugal,Lisboa_Lisboa,38.9952469,-9.143592824679743
1250,Lisboa,Lisboa,Portugal,Lisboa_Lisboa,38.9952469,-9.143592824679743
1269,Lisboa,Lisboa,Portugal,Lisboa_Lisboa,38.9952469,-9.143592824679743
1200,Lisboa,Lisboa,Portugal,Lisboa_Lisboa,38.9952469,-9.143592824679743
1249,Lisboa,Lisboa,Portugal,Lisboa_Lisboa,38.9952469,-9.143592824679743
1399,Lisboa,Lisboa,Portugal,Lisboa_Lisboa,38.9952469,-9.143592824679743
1849,Lisboa,Lisboa,Portugal,Lisboa_Lisboa,38.9952469,-9.143592824679743
1959,Lisboa,Lisboa,Portugal,Lisboa_Lisboa,38.9952469,-9.143592824679743
1067,Lisboa,Lisboa,Portugal,Lisboa_Lisboa,38.9952469,-9.143592824679743
1990,Lisboa,Lisboa,Portugal,Lisboa_Lisboa,38.9952469,-9.143592824679743
1998,Lisboa,Lisboa,Portugal,Lisboa_Lisboa,38.9952469,-9.143592824679743
1999,Lisboa,Lisboa,Portugal,Lisboa_Lisboa,38.9952469,-9.143592824679743
1748,Lisboa,Lisboa,Portugal,Lisboa_Lisboa,38.9952469,-9.143592824679743
1068,Lisboa,Lisboa,Portugal,Lisboa_Lisboa,38.9952469,-9.143592824679743
2680,Lisboa,Loures,Portugal,Lisboa_Loures,38.8358704,-9.1928913
2695,Lisboa,Loures,Portugal,Lisboa_Loures,38.8358704,-9.1928913
2699,Lisboa,Loures,Portugal,Lisboa_Loures,38.8358704,-9.1928913
2670,Lisboa,Loures,Portugal,Lisboa_Loures,38.8358704,-9.1928913
2674,Lisboa,Loures,Portugal,Lisboa_Loures,38.8358704,-9.1928913
2681,Lisboa,Loures,Portugal,Lisboa_Loures,38.8358704,-9.1928913
2660,Lisboa,Loures,Portugal,Lisboa_Loures,38.8358704,-9.1928913
1885,Lisboa,Loures,Portugal,Lisboa_Loures,38.8358704,-9.1928913
1886,Lisboa,Loures,Portugal,Lisboa_Loures,38.8358704,-9.1928913
2685,Lisboa,Loures,Portugal,Lisboa_Loures,38.8358704,-9.1928913
2689,Lisboa,Loures,Portugal,Lisboa_Loures,38.8358704,-9.1928913
2688,Lisboa,Loures,Portugal,Lisboa_Loures,38.8358704,-9.1928913
2690,Lisboa,Loures,Portugal,Lisboa_Loures,38.8358704,-9.1928913
2694,Lisboa,Loures,Portugal,Lisboa_Loures,38.8358704,-9.1928913
2691,Lisboa,Loures,Portugal,Lisboa_Loures,38.8358704,-9.1928913
2664,Lisboa,Loures,Portugal,Lisboa_Loures,38.8358704,-9.1928913
2530,Lisboa,Lourinhã,Portugal,Lisboa_Lourinhã,39.2534843,-9.29049434729823
2665,Lisboa,Mafra,Portugal,Lisboa_Mafra,38.9369782,-9.3282374
2655,Lisboa,Mafra,Portugal,Lisboa_Mafra,38.9369782,-9.3282374
2640,Lisboa,Mafra,Portugal,Lisboa_Mafra,38.9369782,-9.3282374
2644,Lisboa,Mafra,Portugal,Lisboa_Mafra,38.9369782,-9.3282374
2659,Lisboa,Mafra,Portugal,Lisboa_Mafra,38.9369782,-9.3282374
2669,Lisboa,Mafra,Portugal,Lisboa_Mafra,38.9369782,-9.3282374
1685,Lisboa,Odivelas,Portugal,Lisboa_Odivelas,38.1680591,-8.147928281611005
2620,Lisboa,Odivelas,Portugal,Lisboa_Odivelas,38.1680591,-8.147928281611005
1689,Lisboa,Odivelas,Portugal,Lisboa_Odivelas,38.1680591,-8.147928281611005
2675,Lisboa,Odivelas,Portugal,Lisboa_Odivelas,38.1680591,-8.147928281611005
1675,Lisboa,Odivelas,Portugal,Lisboa_Odivelas,38.1680591,-8.147928281611005
1679,Lisboa,Odivelas,Portugal,Lisboa_Odivelas,38.1680591,-8.147928281611005
2621,Lisboa,Odivelas,Portugal,Lisboa_Odivelas,38.1680591,-8.147928281611005
1495,Lisboa,Oeiras,Portugal,Lisboa_Oeiras,38.69325455,-9.314443310006252
1499,Lisboa,Oeiras,Portugal,Lisboa_Oeiras,38.69325455,-9.314443310006252
2790,Lisboa,Oeiras,Portugal,Lisboa_Oeiras,38.69325455,-9.314443310006252
2760,Lisboa,Oeiras,Portugal,Lisboa_Oeiras,38.69325455,-9.314443310006252
2730,Lisboa,Oeiras,Portugal,Lisboa_Oeiras,38.69325455,-9.314443310006252
2734,Lisboa,Oeiras,Portugal,Lisboa_Oeiras,38.69325455,-9.314443310006252
2794,Lisboa,Oeiras,Portugal,Lisboa_Oeiras,38.69325455,-9.314443310006252
2761,Lisboa,Oeiras,Portugal,Lisboa_Oeiras,38.69325455,-9.314443310006252
2795,Lisboa,Oeiras,Portugal,Lisboa_Oeiras,38.69325455,-9.314443310006252
2799,Lisboa,Oeiras,Portugal,Lisboa_Oeiras,38.69325455,-9.314443310006252
2780,Lisboa,Oeiras,Portugal,Lisboa_Oeiras,38.69325455,-9.314443310006252
2784,Lisboa,Oeiras,Portugal,Lisboa_Oeiras,38.69325455,-9.314443310006252
2770,Lisboa,Oeiras,Portugal,Lisboa_Oeiras,38.69325455,-9.314443310006252
2774,Lisboa,Oeiras,Portugal,Lisboa_Oeiras,38.69325455,-9.314443310006252
2740,Lisboa,Oeiras,Portugal,Lisboa_Oeiras,38.69325455,-9.314443310006252
2744,Lisboa,Oeiras,Portugal,Lisboa_Oeiras,38.69325455,-9.314443310006252
2735,Lisboa,Sintra,Portugal,Lisboa_Sintra,38.7693037,-9.393216066576993
2739,Lisboa,Sintra,Portugal,Lisboa_Sintra,38.7693037,-9.393216066576993
2725,Lisboa,Sintra,Portugal,Lisboa_Sintra,38.7693037,-9.393216066576993
2729,Lisboa,Sintra,Portugal,Lisboa_Sintra,38.7693037,-9.393216066576993
2605,Lisboa,Sintra,Portugal,Lisboa_Sintra,38.7693037,-9.393216066576993
2715,Lisboa,Sintra,Portugal,Lisboa_Sintra,38.7693037,-9.393216066576993
2609,Lisboa,Sintra,Portugal,Lisboa_Sintra,38.7693037,-9.393216066576993
2745,Lisboa,Sintra,Portugal,Lisboa_Sintra,38.7693037,-9.393216066576993
2705,Lisboa,Sintra,Portugal,Lisboa_Sintra,38.7693037,-9.393216066576993
2710,Lisboa,Sintra,Portugal,Lisboa_Sintra,38.7693037,-9.393216066576993
2749,Lisboa,Sintra,Portugal,Lisboa_Sintra,38.7693037,-9.393216066576993
2718,Lisboa,Sintra,Portugal,Lisboa_Sintra,38.7693037,-9.393216066576993
2635,Lisboa,Sintra,Portugal,Lisboa_Sintra,38.7693037,-9.393216066576993
2639,Lisboa,Sintra,Portugal,Lisboa_Sintra,38.7693037,-9.393216066576993
2709,Lisboa,Sintra,Portugal,Lisboa_Sintra,38.7693037,-9.393216066576993
2714,Lisboa,Sintra,Portugal,Lisboa_Sintra,38.7693037,-9.393216066576993
2719,Lisboa,Sintra,Portugal,Lisboa_Sintra,38.7693037,-9.393216066576993
2706,Lisboa,Sintra,Portugal,Lisboa_Sintra,38.7693037,-9.393216066576993
2590,Lisboa,Sobral de Monte Agraço,Portugal,Lisboa_Sobral de Monte Agraço,39.0240872,-9.155659202380015
2594,Lisboa,Sobral de Monte Agraço,Portugal,Lisboa_Sobral de Monte Agraço,39.0240872,-9.155659202380015
2560,Lisboa,Torres Vedras,Portugal,Lisboa_Torres Vedras,39.0948273,-9.261215
2565,Lisboa,Torres Vedras,Portugal,Lisboa_Torres Vedras,39.0948273,-9.261215
2600,Lisboa,Vila Franca de Xira,Portugal,Lisboa_Vila Franca de Xira,38.91530375,-9.068475032862708
2601,Lisboa,Vila Franca de Xira,Portugal,Lisboa_Vila Franca de Xira,38.91530375,-9.068475032862708
2615,Lisboa,Vila Franca de Xira,Portugal,Lisboa_Vila Franca de Xira,38.91530375,-9.068475032862708
2619,Lisboa,Vila Franca de Xira,Portugal,Lisboa_Vila Franca de Xira,38.91530375,-9.068475032862708
2625,Lisboa,Vila Franca de Xira,Portugal,Lisboa_Vila Franca de Xira,38.91530375,-9.068475032862708
2626,Lisboa,Vila Franca de Xira,Portugal,Lisboa_Vila Franca de Xira,38.91530375,-9.068475032862708
2628,Lisboa,Vila Franca de Xira,Portugal,Lisboa_Vila Franca de Xira,38.91530375,-9.068475032862708
2629,Lisboa,Vila Franca de Xira,Portugal,Lisboa_Vila Franca de Xira,38.91530375,-9.068475032862708
7340,Portalegre,Arronches,Portugal,Portalegre_Arronches,39.2951011,-7.3375717
7480,Portalegre,Avis,Portugal,Portalegre_Avis,39.053308082471766,-7.734769930279892
7370,Portalegre,Campo Maior,Portugal,Portalegre_Campo Maior,38.97436871220936,-7.086125350330465
7374,Portalegre,Campo Maior,Portugal,Portalegre_Campo Maior,38.97436871220936,-7.086125350330465
7320,Portalegre,Castelo de Vide,Portugal,Portalegre_Castelo de Vide,39.4176004,-7.4578714
7430,Portalegre,Crato,Portugal,Portalegre_Crato,39.2676095,-7.606128254998017
7350,Portalegre,Elvas,Portugal,Portalegre_Elvas,38.8820427,-7.163896
7354,Portalegre,Elvas,Portugal,Portalegre_Elvas,38.8820427,-7.163896
7460,Portalegre,Fronteira,Portugal,Portalegre_Fronteira,37.239133660195705,-7.798570367432024
7464,Portalegre,Fronteira,Portugal,Portalegre_Fronteira,37.239133660195705,-7.798570367432024
6040,Portalegre,Gavião,Portugal,Portalegre_Gavião,41.870707,-7.7295705
7330,Portalegre,Marvão,Portugal,Portalegre_Marvão,39.3969281,-7.3799726
7450,Portalegre,Monforte,Portugal,Portalegre_Monforte,41.7610377,-7.315628442349986
6050,Portalegre,Nisa,Portugal,Portalegre_Nisa,39.327478049999996,-7.420625446268221
7425,Portalegre,Ponte de Sor,Portugal,Portalegre_Ponte de Sor,39.2773464,-8.001459055064965
7400,Portalegre,Ponte de Sor,Portugal,Portalegre_Ponte de Sor,39.2773464,-8.001459055064965
7300,Portalegre,Portalegre,Portugal,Portalegre_Portalegre,39.2076447,-7.721513354015343
7301,Portalegre,Portalegre,Portugal,Portalegre_Portalegre,39.2076447,-7.721513354015343
7470,Portalegre,Sousel,Portugal,Portalegre_Sousel,38.999739149999996,-7.69292585
4600,Porto,Amarante,Portugal,Porto_Amarante,41.274466000000004,-8.08550523407602
4605,Porto,Amarante,Portugal,Porto_Amarante,41.274466000000004,-8.08550523407602
4615,Porto,Amarante,Portugal,Porto_Amarante,41.274466000000004,-8.08550523407602
4640,Porto,Baião,Portugal,Porto_Baião,41.1138276,-8.087801971353556
4650,Porto,Felgueiras,Portugal,Porto_Felgueiras,41.525619500000005,-8.120792700212345
4610,Porto,Felgueiras,Portugal,Porto_Felgueiras,41.525619500000005,-8.120792700212345
4614,Porto,Felgueiras,Portugal,Porto_Felgueiras,41.525619500000005,-8.120792700212345
4435,Porto,Gondomar,Portugal,Porto_Gondomar,41.52654655,-8.273177603924456
4510,Porto,Gondomar,Portugal,Porto_Gondomar,41.52654655,-8.273177603924456
4515,Porto,Gondomar,Portugal,Porto_Gondomar,41.52654655,-8.273177603924456
4420,Porto,Gondomar,Portugal,Porto_Gondomar,41.52654655,-8.273177603924456
4424,Porto,Gondomar,Portugal,Porto_Gondomar,41.52654655,-8.273177603924456
4624,Porto,Lousada,Portugal,Porto_Lousada,41.306324450000005,-8.264864167553377
4425,Porto,Maia,Portugal,Porto_Maia,41.233517449999994,-8.630969453485319
4475,Porto,Maia,Portugal,Porto_Maia,41.233517449999994,-8.630969453485319
4470,Porto,Maia,Portugal,Porto_Maia,41.233517449999994,-8.630969453485319
4477,Porto,Maia,Portugal,Porto_Maia,41.233517449999994,-8.630969453485319
4479,Porto,Maia,Portugal,Porto_Maia,41.233517449999994,-8.630969453485319
4471,Porto,Maia,Portugal,Porto_Maia,41.233517449999994,-8.630969453485319
4474,Porto,Maia,Portugal,Porto_Maia,41.233517449999994,-8.630969453485319
4460,Porto,Matosinhos,Portugal,Porto_Matosinhos,41.1835856,-8.686684806233082
4465,Porto,Matosinhos,Portugal,Porto_Matosinhos,41.1835856,-8.686684806233082
4455,Porto,Matosinhos,Portugal,Porto_Matosinhos,41.1835856,-8.686684806233082
4450,Porto,Matosinhos,Portugal,Porto_Matosinhos,41.1835856,-8.686684806233082
4454,Porto,Matosinhos,Portugal,Porto_Matosinhos,41.1835856,-8.686684806233082
4459,Porto,Matosinhos,Portugal,Porto_Matosinhos,41.1835856,-8.686684806233082
4458,Porto,Matosinhos,Portugal,Porto_Matosinhos,41.1835856,-8.686684806233082
4464,Porto,Matosinhos,Portugal,Porto_Matosinhos,41.1835856,-8.686684806233082
4595,Porto,Paços de Ferreira,Portugal,Porto_Paços de Ferreira,41.2753354,-8.378054356149981
4590,Porto,Paços de Ferreira,Portugal,Porto_Paços de Ferreira,41.2753354,-8.378054356149981
4594,Porto,Paços de Ferreira,Portugal,Porto_Paços de Ferreira,41.2753354,-8.378054356149981
4599,Porto,Paços de Ferreira,Portugal,Porto_Paços de Ferreira,41.2753354,-8.378054356149981
4585,Porto,Paredes,Portugal,Porto_Paredes,41.12505545,-8.287043887846469
4580,Porto,Paredes,Portugal,Porto_Paredes,41.12505545,-8.287043887846469
4560,Porto,Penafiel,Portugal,Porto_Penafiel,41.203919400000004,-8.292240964931633
4575,Porto,Penafiel,Portugal,Porto_Penafiel,41.203919400000004,-8.292240964931633
4564,Porto,Penafiel,Portugal,Porto_Penafiel,41.203919400000004,-8.292240964931633
4100,Porto,Porto,Portugal,Porto_Porto,41.23668845,-8.302018317104206
4150,Porto,Porto,Portugal,Porto_Porto,41.23668845,-8.302018317104206
4149,Porto,Porto,Portugal,Porto_Porto,41.23668845,-8.302018317104206
4099,Porto,Porto,Portugal,Porto_Porto,41.23668845,-8.302018317104206
4050,Porto,Porto,Portugal,Porto_Porto,41.23668845,-8.302018317104206
4350,Porto,Porto,Portugal,Porto_Porto,41.23668845,-8.302018317104206
4200,Porto,Porto,Portugal,Porto_Porto,41.23668845,-8.302018317104206
4250,Porto,Porto,Portugal,Porto_Porto,41.23668845,-8.302018317104206
4300,Porto,Porto,Portugal,Porto_Porto,41.23668845,-8.302018317104206
4349,Porto,Porto,Portugal,Porto_Porto,41.23668845,-8.302018317104206
4000,Porto,Porto,Portugal,Porto_Porto,41.23668845,-8.302018317104206
4049,Porto,Porto,Portugal,Porto_Porto,41.23668845,-8.302018317104206
4249,Porto,Porto,Portugal,Porto_Porto,41.23668845,-8.302018317104206
4369,Porto,Porto,Portugal,Porto_Porto,41.23668845,-8.302018317104206
4269,Porto,Porto,Portugal,Porto_Porto,41.23668845,-8.302018317104206
4169,Porto,Porto,Portugal,Porto_Porto,41.23668845,-8.302018317104206
4199,Porto,Porto,Portugal,Porto_Porto,41.23668845,-8.302018317104206
4495,Porto,Póvoa de Varzim,Portugal,Porto_Póvoa de Varzim,41.382198149999994,-8.75696452905552
4490,Porto,Póvoa de Varzim,Portugal,Porto_Póvoa de Varzim,41.382198149999994,-8.75696452905552
4570,Porto,Póvoa de Varzim,Portugal,Porto_Póvoa de Varzim,41.382198149999994,-8.75696452905552
4825,Porto,Santo Tirso,Portugal,Porto_Santo Tirso,41.34253725,-8.484353892337626
4780,Porto,Santo Tirso,Portugal,Porto_Santo Tirso,41.34253725,-8.484353892337626
4795,Porto,Santo Tirso,Portugal,Porto_Santo Tirso,41.34253725,-8.484353892337626
4745,Porto,Trofa,Portugal,Porto_Trofa,40.6114853,-8.470026999845588
4785,Porto,Trofa,Portugal,Porto_Trofa,40.6114853,-8.470026999845588
4445,Porto,Valongo,Portugal,Porto_Valongo,39.15803925,-7.889429102679322
4440,Porto,Valongo,Portugal,Porto_Valongo,39.15803925,-7.889429102679322
4480,Porto,Vila do Conde,Portugal,Porto_Vila do Conde,42.10837185,-8.222768662458229
4485,Porto,Vila do Conde,Portugal,Porto_Vila do Conde,42.10837185,-8.222768662458229
4486,Porto,Vila do Conde,Portugal,Porto_Vila do Conde,42.10837185,-8.222768662458229
4484,Porto,Vila do Conde,Portugal,Porto_Vila do Conde,42.10837185,-8.222768662458229
2200,Santarém,Abrantes,Portugal,Santarém_Abrantes,39.5059814,-8.213474522908882
2205,Santarém,Abrantes,Portugal,Santarém_Abrantes,39.5059814,-8.213474522908882
2380,Santarém,Alcanena,Portugal,Santarém_Alcanena,39.45861445,-8.67297820566442
2384,Santarém,Alcanena,Portugal,Santarém_Alcanena,39.45861445,-8.67297820566442
2395,Santarém,Alcanena,Portugal,Santarém_Alcanena,39.45861445,-8.67297820566442
2080,Santarém,Almeirim,Portugal,Santarém_Almeirim,39.1422324,-8.5866462
2090,Santarém,Alpiarça,Portugal,Santarém_Alpiarça,39.23977543968047,-8.615785430358363
2130,Santarém,Benavente,Portugal,Santarém_Benavente,38.9245103,-8.759911683213886
2135,Santarém,Benavente,Portugal,Santarém_Benavente,38.9245103,-8.759911683213886
2890,Santarém,Benavente,Portugal,Santarém_Benavente,38.9245103,-8.759911683213886
2139,Santarém,Benavente,Portugal,Santarém_Benavente,38.9245103,-8.759911683213886
2070,Santarém,Cartaxo,Portugal,Santarém_Cartaxo,39.160504450000005,-8.784051015667057
2140,Santarém,Chamusca,Portugal,Santarém_Chamusca,39.33365205,-8.49101389250971
2250,Santarém,Constância,Portugal,Santarém_Constância,39.47559495,-8.341822218753164
2100,Santarém,Coruche,Portugal,Santarém_Coruche,40.787419099999994,-7.541238006595721
2330,Santarém,Entroncamento,Portugal,Santarém_Entroncamento,39.4499709,-8.475157160451062
2334,Santarém,Entroncamento,Portugal,Santarém_Entroncamento,39.4499709,-8.475157160451062
2240,Santarém,Ferreira do Zêzere,Portugal,Santarém_Ferreira do Zêzere,39.696715499999996,-8.295624309379004
2150,Santarém,Golegã,Portugal,Santarém_Golegã,39.4136979,-8.482915183289515
2154,Santarém,Golegã,Portugal,Santarém_Golegã,39.4136979,-8.482915183289515
6120,Santarém,Mação,Portugal,Santarém_Mação,39.5670954,-7.99171659186232
2490,Santarém,Ourém,Portugal,Santarém_Ourém,39.6416122,-8.5924571
2435,Santarém,Ourém,Portugal,Santarém_Ourém,39.6416122,-8.5924571
2040,Santarém,Rio Maior,Portugal,Santarém_Rio Maior,39.32742585,-8.93279305
2120,Santarém,Salvaterra de Magos,Portugal,Santarém_Salvaterra de Magos,39.03300225,-8.770602392658907
2125,Santarém,Salvaterra de Magos,Portugal,Santarém_Salvaterra de Magos,39.03300225,-8.770602392658907
2124,Santarém,Salvaterra de Magos,Portugal,Santarém_Salvaterra de Magos,39.03300225,-8.770602392658907
2005,Santarém,Santarém,Portugal,Santarém_Santarém,39.2850041,-8.556447653068235
2025,Santarém,Santarém,Portugal,Santarém_Santarém,39.2850041,-8.556447653068235
2000,Santarém,Santarém,Portugal,Santarém_Santarém,39.2850041,-8.556447653068235
2004,Santarém,Santarém,Portugal,Santarém_Santarém,39.2850041,-8.556447653068235
2009,Santarém,Santarém,Portugal,Santarém_Santarém,39.2850041,-8.556447653068235
2230,Santarém,Sardoal,Portugal,Santarém_Sardoal,41.20001335,-8.702531237596556
2305,Santarém,Tomar,Portugal,Santarém_Tomar,39.5931248,-8.417797166274159
2300,Santarém,Tomar,Portugal,Santarém_Tomar,39.5931248,-8.417797166274159
2350,Santarém,Torres Novas,Portugal,Santarém_Torres Novas,39.454737,-8.544908367579774
2260,Santarém,Vila Nova da Barquinha,Portugal,Santarém_Vila Nova da Barquinha,39.46695175,-8.417387681707794
7580,Setúbal,Alcácer do Sal,Portugal,Setúbal_Alcácer do Sal,38.40461415,-8.605437404764622
7595,Setúbal,Alcácer do Sal,Portugal,Setúbal_Alcácer do Sal,38.40461415,-8.605437404764622
2894,Setúbal,Alcochete,Portugal,Setúbal_Alcochete,38.75571340772487,-8.999249033520917
2800,Setúbal,Almada,Portugal,Setúbal_Almada,38.678805,-9.160462324041578
2804,Setúbal,Almada,Portugal,Setúbal_Almada,38.678805,-9.160462324041578
2805,Setúbal,Almada,Portugal,Setúbal_Almada,38.678805,-9.160462324041578
2809,Setúbal,Almada,Portugal,Setúbal_Almada,38.678805,-9.160462324041578
2825,Setúbal,Almada,Portugal,Setúbal_Almada,38.678805,-9.160462324041578
2829,Setúbal,Almada,Portugal,Setúbal_Almada,38.678805,-9.160462324041578
2820,Setúbal,Almada,Portugal,Setúbal_Almada,38.678805,-9.160462324041578
2821,Setúbal,Almada,Portugal,Setúbal_Almada,38.678805,-9.160462324041578
2810,Setúbal,Almada,Portugal,Setúbal_Almada,38.678805,-9.160462324041578
2814,Setúbal,Almada,Portugal,Setúbal_Almada,38.678805,-9.160462324041578
2815,Setúbal,Almada,Portugal,Setúbal_Almada,38.678805,-9.160462324041578
2819,Setúbal,Almada,Portugal,Setúbal_Almada,38.678805,-9.160462324041578
2834,Setúbal,Barreiro,Portugal,Setúbal_Barreiro,38.66262605,-9.072662551391545
2830,Setúbal,Barreiro,Portugal,Setúbal_Barreiro,38.66262605,-9.072662551391545
2835,Setúbal,Barreiro,Portugal,Setúbal_Barreiro,38.66262605,-9.072662551391545
2839,Setúbal,Barreiro,Portugal,Setúbal_Barreiro,38.66262605,-9.072662551391545
7570,Setúbal,Grândola,Portugal,Setúbal_Grândola,38.1761082,-8.517013210255708
2860,Setúbal,Moita,Portugal,Setúbal_Moita,40.2961161,-7.1986593429915136
2864,Setúbal,Moita,Portugal,Setúbal_Moita,40.2961161,-7.1986593429915136
2870,Setúbal,Montijo,Portugal,Setúbal_Montijo,38.7057119,-9.003097722875136
2985,Setúbal,Montijo,Portugal,Setúbal_Montijo,38.7057119,-9.003097722875136
2965,Setúbal,Palmela,Portugal,Setúbal_Palmela,38.5661641,-8.9002605
2950,Setúbal,Palmela,Portugal,Setúbal_Palmela,38.5661641,-8.9002605
2954,Setúbal,Palmela,Portugal,Setúbal_Palmela,38.5661641,-8.9002605
2955,Setúbal,Palmela,Portugal,Setúbal_Palmela,38.5661641,-8.9002605
2951,Setúbal,Palmela,Portugal,Setúbal_Palmela,38.5661641,-8.9002605
2959,Setúbal,Palmela,Portugal,Setúbal_Palmela,38.5661641,-8.9002605
7540,Setúbal,Santiago do Cacém,Portugal,Setúbal_Santiago do Cacém,37.9718986,-8.687527653797488
7565,Setúbal,Santiago do Cacém,Portugal,Setúbal_Santiago do Cacém,37.9718986,-8.687527653797488
7555,Setúbal,Santiago do Cacém,Portugal,Setúbal_Santiago do Cacém,37.9718986,-8.687527653797488
7500,Setúbal,Santiago do Cacém,Portugal,Setúbal_Santiago do Cacém,37.9718986,-8.687527653797488
2840,Setúbal,Seixal,Portugal,Setúbal_Seixal,38.6460299,-9.089757660657
2865,Setúbal,Seixal,Portugal,Setúbal_Seixal,38.6460299,-9.089757660657
2845,Setúbal,Seixal,Portugal,Setúbal_Seixal,38.6460299,-9.089757660657
2848,Setúbal,Seixal,Portugal,Setúbal_Seixal,38.6460299,-9.089757660657
2844,Setúbal,Seixal,Portugal,Setúbal_Seixal,38.6460299,-9.089757660657
2855,Setúbal,Seixal,Portugal,Setúbal_Seixal,38.6460299,-9.089757660657
2975,Setúbal,Sesimbra,Portugal,Setúbal_Sesimbra,38.4528045,-9.106763
2970,Setúbal,Sesimbra,Portugal,Setúbal_Sesimbra,38.4528045,-9.106763
2910,Setúbal,Setúbal,Portugal,Setúbal_Setúbal,38.29755455,-8.461611489923735
2914,Setúbal,Setúbal,Portugal,Setúbal_Setúbal,38.29755455,-8.461611489923735
2925,Setúbal,Setúbal,Portugal,Setúbal_Setúbal,38.29755455,-8.461611489923735
2929,Setúbal,Setúbal,Portugal,Setúbal_Setúbal,38.29755455,-8.461611489923735
2900,Setúbal,Setúbal,Portugal,Setúbal_Setúbal,38.29755455,-8.461611489923735
2904,Setúbal,Setúbal,Portugal,Setúbal_Setúbal,38.29755455,-8.461611489923735
7520,Setúbal,Sines,Portugal,Setúbal_Sines,37.9453566,-8.811995266182858
4970,Viana do Castelo,Arcos de Valdevez,Portugal,Viana do Castelo_Arcos de Valdevez,41.8475106,-8.420169852304
4974,Viana do Castelo,Arcos de Valdevez,Portugal,Viana do Castelo_Arcos de Valdevez,41.8475106,-8.420169852304
4910,Viana do Castelo,Caminha,Portugal,Viana do Castelo_Caminha,41.876875749999996,-8.84222336746214
4914,Viana do Castelo,Caminha,Portugal,Viana do Castelo_Caminha,41.876875749999996,-8.84222336746214
4960,Viana do Castelo,Melgaço,Portugal,Viana do Castelo_Melgaço,42.11290885,-8.258067279809108
4964,Viana do Castelo,Melgaço,Portugal,Viana do Castelo_Melgaço,42.11290885,-8.258067279809108
4950,Viana do Castelo,Monção,Portugal,Viana do Castelo_Monção,42.0702329,-8.477799657722652
4940,Viana do Castelo,Paredes de Coura,Portugal,Viana do Castelo_Paredes de Coura,41.91206735,-8.55581385071364
4944,Viana do Castelo,Paredes de Coura,Portugal,Viana do Castelo_Paredes de Coura,41.91206735,-8.55581385071364
4980,Viana do Castelo,Ponte da Barca,Portugal,Viana do Castelo_Ponte da Barca,41.80600765,-8.415000093962036
4990,Viana do Castelo,Ponte de Lima,Portugal,Viana do Castelo_Ponte de Lima,41.76543875,-8.58363696122824
4924,Viana do Castelo,Vila Nova de Cerveira,Portugal,Viana do Castelo_Vila Nova de Cerveira,41.93884525,-8.737687421317933
4930,Viana do Castelo,Valença,Portugal,Viana do Castelo_Valença,42.030178649999996,-8.644078166718005
4900,Viana do Castelo,Viana do Castelo,Portugal,Viana do Castelo_Viana do Castelo,41.8803257,-8.522827052979885
4905,Viana do Castelo,Viana do Castelo,Portugal,Viana do Castelo_Viana do Castelo,41.8803257,-8.522827052979885
4925,Viana do Castelo,Viana do Castelo,Portugal,Viana do Castelo_Viana do Castelo,41.8803257,-8.522827052979885
4935,Viana do Castelo,Viana do Castelo,Portugal,Viana do Castelo_Viana do Castelo,41.8803257,-8.522827052979885
4939,Viana do Castelo,Viana do Castelo,Portugal,Viana do Castelo_Viana do Castelo,41.8803257,-8.522827052979885
4904,Viana do Castelo,Viana do Castelo,Portugal,Viana do Castelo_Viana do Castelo,41.8803257,-8.522827052979885
4920,Viana do Castelo,Vila Nova de Cerveira,Portugal,Viana do Castelo_Vila Nova de Cerveira,41.93884525,-8.737687421317933
5070,Vila Real,Alijó,Portugal,Vila Real_Alijó,41.27311495,-7.475751173959678
5085,Vila Real,Alijó,Portugal,Vila Real_Alijó,41.27311495,-7.475751173959678
5460,Vila Real,Boticas,Portugal,Vila Real_Boticas,41.697178,-7.674973845962594
5400,Vila Real,Chaves,Portugal,Vila Real_Chaves,38.706676,-9.284354247453598
5425,Vila Real,Chaves,Portugal,Vila Real_Chaves,38.706676,-9.284354247453598
5040,Vila Real,Mesão Frio,Portugal,Vila Real_Mesão Frio,41.160636999999994,-7.890530886702928
4880,Vila Real,Mondim de Basto,Portugal,Vila Real_Mondim de Basto,41.408055649999994,-7.958375893865757
5470,Vila Real,Montalegre,Portugal,Vila Real_Montalegre,41.822440900000004,-7.783824703325438
5090,Vila Real,Murça,Portugal,Vila Real_Murça,41.1140729,-7.232392317715308
5050,Vila Real,Peso da Régua,Portugal,Vila Real_Peso da Régua,41.168139350000004,-7.780191539652854
5054,Vila Real,Peso da Régua,Portugal,Vila Real_Peso da Régua,41.168139350000004,-7.780191539652854
4870,Vila Real,Ribeira de Pena,Portugal,Vila Real_Ribeira de Pena,41.513244099999994,-7.821696355030255
5060,Vila Real,Sabrosa,Portugal,Vila Real_Sabrosa,39.6869196,-7.5122736
5030,Vila Real,Santa Marta de Penaguião,Portugal,Vila Real_Santa Marta de Penaguião,41.20460515,-7.782712309814004
5430,Vila Real,Valpaços,Portugal,Vila Real_Valpaços,41.60710385,-7.304712511472436
5445,Vila Real,Valpaços,Portugal,Vila Real_Valpaços,41.60710385,-7.304712511472436
5450,Vila Real,Vila Pouca de Aguiar,Portugal,Vila Real_Vila Pouca de Aguiar,41.50027555,-7.647902730399334
5000,Vila Real,Vila Real,Portugal,Vila Real_Vila Real,41.5229299,-7.5466312481173325
5004,Vila Real,Vila Real,Portugal,Vila Real_Vila Real,41.5229299,-7.5466312481173325
5110,Viseu,Armamar,Portugal,Viseu_Armamar,41.1015396,-7.686012271287224
5114,Viseu,Armamar,Portugal,Viseu_Armamar,41.1015396,-7.686012271287224
3430,Viseu,Carregal do Sal,Portugal,Viseu_Carregal do Sal,40.414367999999996,-7.881021637810878
3600,Viseu,Castro Daire,Portugal,Viseu_Castro Daire,41.0339788,-8.1823373
4690,Viseu,Cinfães,Portugal,Viseu_Cinfães,41.0692453,-8.0913192183909
5100,Viseu,Lamego,Portugal,Viseu_Lamego,41.1021301,-7.821211680452461
3530,Viseu,Mangualde,Portugal,Viseu_Mangualde,40.613621699999996,-7.763194720975738
3534,Viseu,Mangualde,Portugal,Viseu_Mangualde,40.613621699999996,-7.763194720975738
3620,Viseu,Moimenta da Beira,Portugal,Viseu_Moimenta da Beira,40.98393635,-7.614401980165889
3624,Viseu,Moimenta da Beira,Portugal,Viseu_Moimenta da Beira,40.98393635,-7.614401980165889
3450,Viseu,Mortágua,Portugal,Viseu_Mortágua,40.37612185,-8.210333082577721
3525,Viseu,Nelas,Portugal,Viseu_Nelas,40.738024049058424,-7.856070653362222
3520,Viseu,Nelas,Portugal,Viseu_Nelas,40.738024049058424,-7.856070653362222
3680,Viseu,Oliveira de Frades,Portugal,Viseu_Oliveira de Frades,40.725496750000005,-8.183912315118784
3630,Viseu,Penedono,Portugal,Viseu_Penedono,40.9831056,-7.390532490896566
4660,Viseu,Resende,Portugal,Viseu_Resende,41.89929345,-8.567106718194866
4664,Viseu,Resende,Portugal,Viseu_Resende,41.89929345,-8.567106718194866
3440,Viseu,Santa Comba Dão,Portugal,Viseu_Santa Comba Dão,40.3896887,-8.147848978408204
5130,Viseu,São João da Pesqueira,Portugal,Viseu_São João da Pesqueira,41.14216785,-7.413788551003492
3660,Viseu,São Pedro do Sul,Portugal,Viseu_São Pedro do Sul,40.7613249,-8.057453059592005
3560,Viseu,Sátão,Portugal,Viseu_Sátão,40.658902046673475,-7.8180287170466425
3650,Viseu,Sátão,Portugal,Viseu_Sátão,40.658902046673475,-7.8180287170466425
3640,Viseu,Sernancelhe,Portugal,Viseu_Sernancelhe,40.9012084,-7.4955
5120,Viseu,Tabuaço,Portugal,Viseu_Tabuaço,40.986967199999995,-7.53573801233753
3610,Viseu,Tarouca,Portugal,Viseu_Tarouca,41.006715,-7.784047207595763
3465,Viseu,Tondela,Portugal,Viseu_Tondela,40.50876135,-8.091004411070063
3460,Viseu,Tondela,Portugal,Viseu_Tondela,40.50876135,-8.091004411070063
3475,Viseu,Tondela,Portugal,Viseu_Tondela,40.50876135,-8.091004411070063
3464,Viseu,Tondela,Portugal,Viseu_Tondela,40.50876135,-8.091004411070063
3654,Viseu,Vila Nova de Paiva,Portugal,Viseu_Vila Nova de Paiva,40.8488759,-7.731096262979038
3515,Viseu,Viseu,Portugal,Viseu_Viseu,40.7686621,-7.929704809458965
3519,Viseu,Viseu,Portugal,Viseu_Viseu,40.7686621,-7.929704809458965
3510,Viseu,Viseu,Portugal,Viseu_Viseu,40.7686621,-7.929704809458965
3503,Viseu,Viseu,Portugal,Viseu_Viseu,40.7686621,-7.929704809458965
3505,Viseu,Viseu,Portugal,Viseu_Viseu,40.7686621,-7.929704809458965
3500,Viseu,Viseu,Portugal,Viseu_Viseu,40.7686621,-7.929704809458965
3504,Viseu,Viseu,Portugal,Viseu_Viseu,40.7686621,-7.929704809458965
3514,Viseu,Viseu,Portugal,Viseu_Viseu,40.7686621,-7.929704809458965
3670,Viseu,Vouzela,Portugal,Viseu_Vouzela,40.72411975,-8.109570797171763
